逞筆◆１,1,1,[アイクチ]に鍔。,匕首、合口,釣り合わないことや不調和なことのたとえ。
逞筆◆１,2,2,[アバタ]も靨。,痘痕,ひいき目で見れば短所も長所に見えるたとえ。
逞筆◆１,3,3,[アンコウ]の待ち食い。,鮟鱇,働きもせずに利益を得ようとするたとえ。
逞筆◆１,4,4,一世を[フウビ]する。,風靡,ある時代に広く流行し、大きな影響力をもつ。
逞筆◆１,5,5,[イツボウ]の争い。,鷸蚌,利益をめぐって両者が争っている間に、第三者に利益を横取りされて共倒れに終わってしまう愚かさのたとえ。
逞筆◆１,6,6,[インカン]遠からず。,殷鑑,戒めとすべき失敗の前例は、わざわざ遠くに求めなくてもすぐ身近なところにあるということ。
逞筆◆１,7,7,[ウケ]に入る。,有卦,幸運がめぐってきて、当分続くこと。
逞筆◆１,8,8,[エンオウ]の契り。,鴛鴦,夫婦仲がきわめてむつまじいことのたとえ。
逞筆◆１,9,9,[オクビ]にも出さぬ。,噯気、噯、噫気,心の底に秘めていて、それらしいそぶりも見せないこと。
逞筆◆１,10,10,同じ穴の[ムジナ]。,貉、狢,悪事をたくらむ仲間であることのたとえ。
逞筆◆１,11,11,小田原[ヒョウジョウ]。,評定,いつまでも意見がまとまらず、長引くだけの相談。
逞筆◆１,12,12,男は度胸女は[アイキョウ]。,愛嬌、愛敬,この世に生きていくうえで、男は度胸、女は愛嬌がまず第一で、何よりも大切だということ。
逞筆◆１,13,13,帯に短し[タスキ]に長し。,襷,中途半端で役に立たないことのたとえ。
逞筆◆１,14,14,親の[スネ]を齧る。,脛,子が親から、経済的な援助を受けること。自立できない子どものたとえ。
逞筆◆１,15,15,[カイ]より始めよ。,隗,言い出した者から始めよ。また、物事を手近なところから始めるたとえ。
逞筆◆１,16,16,[カツモク]して相待つ。,刮目,人や物事が著しく進歩・成長するのを期待して待ち望むこと。また、今までとちがった見方で相手を見直すこと。
逞筆◆１,17,17,[ガベイ]に帰す。,画餅,思案したことが、実際には行われなかったり失敗に終わったりして無駄になること。
逞筆◆１,18,18,借りる時の地蔵顔済す時の[エンマ]顔。,閻魔,人に借金をするときにはおだやかな表情で対応するが、返済するときには険しい表情をするたとえ。
逞筆◆１,19,19,[カンタン]の夢。,邯鄲,人の世の栄華がはかないたとえ。
逞筆◆１,20,20,[カンナン]汝を玉にす。,艱難,人は困難や苦労を乗り越えてりっぱになっていくということ。
逞筆◆１,21,21,[カンポウ]の交わり。,管鮑,利害を超えた親密な友情、交際のこと。
逞筆◆１,22,22,[キンカ]一日の栄。,槿花,人の世の栄華がはかないことのたとえ。
逞筆◆１,23,23,[キンシツ]相和す。,琴瑟,夫婦が仲むつまじいたとえ。また、兄弟や友人の仲がよいことにもいう。
逞筆◆１,24,24,[ゲキ]を飛ばす。,檄,自分の主張や意見を急いで多数の人に知らせ、同調して行動するように促すこと。
逞筆◆１,25,25,[コウケイ]に中たる。,肯綮,意見や批判が、物事の核心をとらえていること。急所をつくたとえ。
逞筆◆１,26,26,[コケン]に関わる。,沽券、估券,それまで保っていた品位や体面がけがされるおそれがある。
逞筆◆１,27,27,[ゴマメ]の歯軋り。,鱓,能力のない者がくやしがったり、いきりたったりしても、どうしようもないたとえ。
逞筆◆１,28,28,[サイ]は投げられた。,賽,一度始めてしまったことは、予定どおりに最後まで実行するほかはないということ。
逞筆◆１,29,29,[スイゼン]の的。,垂涎,だれもがほしくてたまらないもの。
逞筆◆１,30,30,青天の[ヘキレキ]。,霹靂,思いがけない事件が起こるたとえ。
逞筆◆１,31,31,[ソジョウ]の肉。,俎上,他人の運命がすべて握られ、身動きがとれない状態のたとえ。
逞筆◆１,32,32,[タデ]食う虫も好き好き。,蓼,人の好みはさまざまであることのたとえ。
逞筆◆１,33,33,[タンゲイ]すべからず。,端倪,物事の規模がどれほどなのか、おしはかれないこと。人格の大きいことなどにいう。
逞筆◆１,34,34,月と[スッポン]。,鼈,二つのもののちがいが、比較にならないほどかけ離れているたとえ。
逞筆◆１,35,35,手を[コマヌ]く。,拱,何もせずにただ傍観していること。もとは、儒教で両手を胸の前で組み、敬礼する意。
逞筆◆１,36,36,天網[カイカイ]疎にして漏らさず。,恢恢,天が張りめぐらした網は広く、目は粗いようだが、何一つ取りこぼすことはない。悪人は一人残らず捕らえるということ。悪事をはたらいた者には、必ずその報いがあるという戒め。
逞筆◆１,37,37,[トウロウ]の斧。,蟷螂、螳螂,弱い者が非力も顧みず、強い者に無鉄砲に立ち向かっても無理なことのたとえ。
逞筆◆１,38,38,泣いて[バショク]を斬る。,馬謖,全体の規律のためには私情をはさまず、規則に従って信頼する者や大切な者を処分すること。転じて、天下の法は私情で曲げられないたとえ。多く、心ならずも信頼する部下に対し処分を下すときに用いる。
逞筆◆１,39,39,[ナメクジ]に塩。,蛞蝓,苦手なものの前に出て縮みあがり、何もできなくなるたとえ。
逞筆◆１,40,40,[ノミ]と言えば槌。,鑿,すべてのことに気が利くたとえ。
逞筆◆１,41,41,[ヒイキ]の引き倒し。,贔屭、贔負,贔屭しすぎて、かえってその人をだめにしたり迷惑をかけたりすること。
逞筆◆１,42,42,[ヒソ]みに効う。,顰、嚬,事の善悪も考えず、むやみに人まねをすること。人の言行を見習い、同じようなことをするのを謙遜していう言葉。
逞筆◆１,43,43,人の[ゴボウ]で法事する。,牛蒡,他人に便乗して調子よく自分の務めを果たすこと。人の褌で相撲を取る。
逞筆◆１,44,44,人の[フンドシ]で相撲を取る。,褌、犢鼻褌,他人のものを利用して、自分のことをするずる賢いやり方のこと。
逞筆◆１,45,45,富貴は[キョウシャ]を生ず。,驕奢,財産をつくり、地位が高くなると、心がおごりぜいたくになる。
逞筆◆１,46,46,[フユウ]の一期。,蜉蝣,人生が、カゲロウの一生のように短くはかないこと。
逞筆◆１,47,47,[フンケイ]の交わり。,刎頸,相手のためなら首を切られて死んでも後悔しないほどの親密な交際。管鮑の交わり。
逞筆◆１,48,48,枚挙に[イトマ]がない。,遑,あまりに多すぎていちいち数えあげることができない。
逞筆◆１,49,49,[モヌケ]の殻。,蛻,抜け殻。また、目当ての者が抜け出して、空になっている住居や寝所など。
逞筆◆１,50,50,瑠璃も[ハリ]も照らせば光る。,玻璃,すぐれた資質や才能のもち主は、どんなところにいても目立つということ。
逞筆◆１,51,51,藁にも[スガ]る。,縋,非常な危険に直面している者は、およそ頼りにならないものにもすがりついて頼ろうとするたとえ。
逞筆◆１,52,52,[アウン]の呼吸。,阿吽,力を合わせて一つの物事をする時の、互いの微妙な気持ちや調子。また、それがぴったり合うこと。
逞筆◆１,53,53,法螺と[ラッパ]は大きく吹け。,喇叭,どうせ大嘘をつくのならば、できるだけ大きな嘘をつくのがよいということ。
逞筆◆１,54,54,[セイコク]を射る。,正鵠,物事の急所、核心をつく。
逞筆◆１,55,55,[センベン]を著ける。,先鞭,他の人よりも先に着手すること。
逞筆◆１,56,56,[ホクソ]笑む。,北叟,物事が思いどおりにうまくいったとき、満足してひそかに笑う。にやにやする。ほくそわらう。
逞筆◆１,57,57,[ホゾ]を噬む。,臍,事が起こってから後悔しても、取り返しがつかないたとえ。
逞筆◆１,58,58,昔とった[キネヅカ]。,杵柄,年月がたっても自信のある、昔みがいた芸や技量、技術のこと。
逞筆◆１,59,59,[モッケ]の幸い。,勿怪、物怪,思いがけずに訪れた幸運。
逞筆◆１,60,60,[イケス]の鯉。,生簀,いずれ殺される運命にあることのたとえ。また、自由のない束縛された生活のたとえ。籠の鳥。
逞筆◆１,61,61,[イダテン]走り。,韋駄天、韋陀天,韋駄天のように、ものすごい速さで走ること。
逞筆◆１,62,62,一擲[ケンコン]を賭す。,乾坤,運を天に任せ、大勝負すること。
逞筆◆１,63,63,一髪[センキン]を引く。,千鈞,きわめて危険なことのたとえ。
逞筆◆１,64,64,[ウダツ]が上がらぬ。,梲,それなりの努力はしても運がなく、いつまでたってもよい境遇になれないこと。出世しない。
逞筆◆１,65,65,[ウンチク]を傾ける。,蘊蓄、薀蓄,学問や技芸などについて、日頃たくわえた深い知識を惜しみなく述べること。
逞筆◆１,66,66,鬼の[カクラン]。,霍乱、癨乱,ふだん丈夫な人が珍しく病気になることをひやかしていう語。
逞筆◆１,67,67,[カギュウ]角上の争い。,蝸牛,きわめてささいなつまらない争いのこと。
逞筆◆１,68,68,[カビ]が生える。,黴,古くなって使いものにならなくなること。また、使われないまま古くなって時代遅れになること。
逞筆◆１,69,69,[キュウカツ]を叙する。,久闊,久しぶりに会った知人と無沙汰をわびる挨拶をすること。久しぶりに会って話す。
逞筆◆１,70,70,[ケイガイ]に接する。,謦咳,尊敬する人物に直接会うこと。また、その人の話を聞くことを敬って言う。
逞筆◆１,71,71,[ケイコ]は春秋を知らず。,蟪蛄,人生のはかないこと、命の短いことのたとえ。また、見識や経験の狭いたとえ。
逞筆◆１,72,72,[コウコ]の憂い。,後顧,のちに心配事を残すこと。また、のちのことを心配すること。
逞筆◆１,73,73,[コウジン]を拝する。,後塵,人におくれをとることのたとえ。また、権力者にこびへつらうことのたとえ。
逞筆◆１,74,74,[コウゼン]の気を養う。,浩然,ひろく豊かで、のびのびとした心持ちになるたとえ。
逞筆◆１,75,75,[ココウ]を凌ぐ。,糊口、餬口,どうにか暮らしを立てていくこと。
逞筆◆１,76,76,子は[カスガイ]。,鎹,鎹が二つの材木をつなぎとめているように、不仲の夫婦でも子どもへの愛情によって夫婦のきずなが保たれること。
逞筆◆１,77,77,細工は流流仕上げを[ゴロウ]じろ。,御覧,物事の方法はいろいろあるのだから、途中でとやかく言わずに結果を見てから批判してくれという、仕事に対する自信を表す言葉。
逞筆◆１,78,78,[シガ]にも掛けない。,歯牙,取り立てて言わないこと。相手にせず取り合わないこと。
逞筆◆１,79,79,十把一[カラ]げ。,絡、紮,多くのものを、それぞれの特徴などを認めず、一まとめに扱うこと。
逞筆◆１,80,80,[シノギ]を削る。,鎬,はげしく争うことのたとえ。
逞筆◆１,81,81,[シュウハ]を送る。,秋波,女性が、男性の関心を惹こうとして色目を使うこと。また、男女を問わずこびを売ること。
逞筆◆１,82,82,[シュンショウ]一刻値千金。,春宵,春の夜はとりわけ趣が深く、そのひとときは何ものにもかえがたい価値があるということ。
逞筆◆１,83,83,[ショウジョウ]の差。,霄壌,天と地の差。非常に大きな違い。
逞筆◆１,84,84,[ソウコウ]の妻。,糟糠,貧しい時から苦労を共にしてきた妻は、自分が富貴になっても大切にすべきであるということ。
逞筆◆１,85,85,立てば[シャクヤク]座れば牡丹。,芍薬,美人の容姿や立ち振る舞いの形容。
逞筆◆１,86,86,[タナゴコロ]を反す。,掌,手のひらを裏返すように、物事が簡単にできること。また、態度や気持ちが簡単に変わること。
逞筆◆１,87,87,[チョウビ]の勇を奮う。,掉尾,最後の勇気を出し、力を振りしぼって頑張ること。
逞筆◆１,88,88,[ツジツマ]を合わせる。,辻褄,話の前後がきちんと合い、筋道がとおるようにする。
逞筆◆１,89,89,[カカア]天下に空っ風。,嬶、嚊,上州（群馬県）の名物。
逞筆◆１,90,90,酒は天の[ビロク]。,美禄,酒は天から授かったすばらしいものである。酒をほめたたえた言葉。
逞筆◆１,91,91,[ノレン]に腕押し。,暖簾,どうやっても、まるで相手に反応が見られず、張り合いがないたとえ。
逞筆◆１,92,92,[ハイフ]を衝く。,肺腑,人の心に深い感銘や衝撃を与えること。強く感動させること。
逞筆◆１,93,93,棘の無い[バラ]は無い。,薔薇、薔,うわべは美しいものでも、裏には恐ろしい一面が隠れていることのたとえ。
逞筆◆１,94,94,[ヒチョ]を失う。,匕箸,非常に驚いたようす。
逞筆◆１,95,95,[ヒョウソク]が合わない。,平仄,話のつじつまが合わないこと。
逞筆◆１,96,96,[フルイ]に掛ける。,篩,多くの中から、基準を設けて選別し、基準に合わないものを除くこと。
逞筆◆１,97,97,[ヘンプク]を修飾する。,辺幅,うわべや外見を立派に飾り立て、見栄を張ること。
逞筆◆１,98,98,骨折り損の[クタビ]れ儲け。,草臥,労力ばかりかかってなんの利益もなく、ただくたびれただけである。
逞筆◆１,99,99,[リュウイン]が下がる。,溜飲,胸のつかえとなっていた不平や不満がなくなって、気持ちが晴れること。
逞筆◆１,100,100,[ジダ]に触れる。,耳朶,耳にはいる。聞き及ぶ。聞こえる。
逞筆◆１,101,101,[タンカ]を切る。,啖呵,胸のすくような、鋭く歯切れのよい口調で話す。鋭い勢いでまくしたてる。また、威勢よくののしる。
逞筆◆１,102,102,[ココ]の声をあげる。,呱呱,赤ん坊が産声をあげる。転じて、子供が生まれる。誕生する。
逞筆◆１,103,103,眼光[ケイケイ]として人を射る。,炯炯,目が鋭く光り、人を威圧する。
逞筆◆１,104,104,[ラチ]が明く。,埒,物事の決着がつく。きまりがつく。はかどる。
逞筆◆１,105,105,[トウ]が立つ。,薹,時期が過ぎて食べ頃でなくなってしまう。転じて、人が、そのことに最適の年齢が過ぎてしまう。
逞筆◆１,106,106,[カイジン]に帰す。,灰燼,焼けて原形をとどめないほどになる。あとかたもなく燃え尽きる。
逞筆◆１,107,107,[ゲンチ]を取る。,言質,あとで証拠になる約束のことばをいわせる。約束させる。
逞筆◆１,108,108,財布の底を[ハタ]く。,叩,持っている金を使いはたす。ありがねを全部使う。
逞筆◆１,109,109,[ネハン]に入る。,涅槃,釈迦が入滅する。また、広く人が死ぬこと。
逞筆◆１,110,110,[タタラ]を踏む。,蹈鞴、踏鞴,たたらを踏んで空気を吹き送る。勢いよく突いたり打ったりした的がはずれ、力があまって、から足を踏む。
逞筆◆１,111,111,[インジュ]を解く。,印綬,官職をやめること。辞任すること。
逞筆◆１,112,112,耳に[タコ]ができる。,腁胝,繰り返し何度も同じことを聞かされていやになる。
逞筆◆１,113,113,[メッキ]が剝げる。,鍍、鍍金,外面のかざりがとれて、悪い中身が現われる。本性が現われる。
逞筆◆１,114,114,人口に[カイシャ]す。,膾炙,世の中の多くの人の話題になり、もてはやされること。
逞筆◆１,115,115,[ノ]るか反るか。,伸,成功するか、あるいは失敗するか、度胸をきめて事にのぞむこと。また、運を天にまかせてやってみること。
逞筆◆１,116,116,孟母[サンセン]の教え。,三遷,子どもの教育には良い環境を選ぶことが大切であるというたとえ。
逞筆◆１,117,117,[ヨタ]を飛ばす。,与太,でたらめをいう。つまらないことをいう。デマを飛ばす。
逞筆◆１,118,118,[ヤクタイ]も無い。,益体,つまらないこと、役に立たないことの意。
逞筆◆１,119,119,流れに[サオ]さす。,棹,ある物事を、機に乗じて思いどおりに順調に進めることのたとえ。
逞筆◆１,120,120,[タモト]を分かつ。,袂,今までいっしょだった人と関係を絶つ。また、行動を共にしていた人と別れて別々の道を行く。分袂。
逞筆◆１,121,121,[ヨ]りを戻す。,撚、縒,縒り合わせたものをほどいてもとに戻す。物事をもとの状態にする。特に、男女の仲を元通りにする。
逞筆◆１,122,122,[バク]の札。,貘,バクの形を描いた札。寝所に敷けば悪夢を避けるとして節分や大晦日などの夜にそれを敷いて寝る風習があった。
逞筆◆１,123,123,[ヒンシュク]を買う。,顰蹙,相手にいやがられる。
逞筆◆１,124,124,[フエツ]を加える。,斧鉞,他人の文章を修正する。
逞筆◆１,125,125,[フクシャ]の戒め。,覆車,先人の失敗を見て、教訓とするたとえ。
逞筆◆１,126,126,[フンイン]を惜しむ。,分陰,たとえわずかな時間でも、惜しんで無駄に使わない。
逞筆◆１,127,127,身の毛が[ヨダ]つ。,弥立,寒さや恐ろしさのために緊張してからだの毛がさか立つ。また、そのように恐ろしさにぞっとする。戦慄する。身の毛立つ。
逞筆◆１,128,128,[ソッポ]を向く。,外方,賛成や協力をしない。
逞筆◆１,129,129,[トナン]の翼。,図南,遠くの地で大事業をしようとする志・計画。
逞筆◆１,130,130,[ネジ]が緩む。,螺子、螺旋、捻子、捩子、捩,緊張がゆるんでだらしなくなるさまのたとえ。心がたるむ。
逞筆◆１,131,131,[ラクイン]を押される。,烙印,ぬぐい去ることのできない汚名を受ける。また、周囲からそうであると決められてしまう。
逞筆◆１,132,132,[ドブ]に金を捨てるよう。,溝,何の益にもならないことに金を浪費するたとえ。つまらないことに金をつぎこむたとえ。
逞筆◆１,133,133,[カイリョクランシン]を語らず。,怪力乱神,理性で説明のつかないような不思議な現象については口にしないという孔子の姿勢について門人が述べたことば。当時の信仰や迷信を暗に否定したものともいわれる。また一般には、怪しげなこと、不確かなことは口にしないの意にも用いられる。
逞筆◆１,134,134,画竜[テンセイ]を欠く。,点睛,物事の最後の仕上げを欠く。全体としては良くできているが、一個所、肝心なところに不備があることのたとえ。
逞筆◆１,135,135,[ホトボリ]が冷める。,熱,余熱がなくなる。熱した感情がさめる。興奮がおさまる。事件などに関する世間の注目や関心がなくなる。
逞筆◆１,136,136,[シャショク]の臣。,社稷,国家の重臣。
逞筆◆１,137,137,[ムコ]の民。,無辜,罪なき人々。凶作や災害に遭い罪なくして虐げられる人々をいう。
逞筆◆１,138,138,[ハカ]が行く。,計、果、捗,作業などが順調に進む。
逞筆◆１,139,139,[タガ]が緩む。,箍,年をとって鈍くなる。また、緊張がゆるんでしまりがなくなり、組織などの結合がゆるくなることのたとえ。
逞筆◆１,140,140,[カマド]を一つにする。,竈、爨,一緒に暮らす。
逞筆◆１,141,141,[トグロ]を巻く。,塒、蜷局,蛇などがからだを渦巻き状に巻く。何人かが特に何をするでもなく、ある場所に集まっている。ある場所に腰をすえて、動かないでいる。
逞筆◆２,1,142,[アコギ]が浦に引く網。,阿漕,人にかくれてすることも、たび重なると人に知れ渡ってしまうということのたとえ。
逞筆◆２,2,143,寇に兵を藉し盗に糧を[モタラ]す。,齎,敵に武器を貸し与え、盗賊に食糧をやる。わざわざ敵を助けて、味方の損害を大きくするたとえ。
逞筆◆２,3,144,中たらずと[イエド]も遠からず。,雖,何事も真心から行えば、完全とはいえないまでも、ほぼそれに近い成果をげることができるということ。転じて、的中しないまでも、それほど見当が外れていないこと。
逞筆◆２,4,145,脂に画き氷に[チリバ]む。,鏤,本体がきちんとしていなければ、いくら外側を飾っても無駄であるということ。努力をしても効果がないたとえ。
逞筆◆２,5,146,粟とも[ヒエ]とも知らず。,稗,アワとヒエの区別もつかないほどの、高い身分や金持ちの生活をいった言葉。
逞筆◆２,6,147,[イアク]の臣。,帷幄,常に大将のそばにいて作戦計画を立てる部下のこと。参謀。
逞筆◆２,7,148,[イガグリ]も内から割れる。,毬栗,だれでも年ごろになれば、自然と色気づくことのたとえ。特に女性についていう。
逞筆◆２,8,149,戦を見て矢を[ハ]ぐ。,矧,平素の準備が大事だという戒め。
逞筆◆２,9,150,何れ[アヤメ]か杜若。,菖蒲,どれもがすぐれて美しく、優劣をつけがたいこと。また、選びだすのに困ること。
逞筆◆２,10,151,磯の[アワビ]の片思い。,鮑,自分が思い慕うだけで相手はその気がない恋のたとえ。
逞筆◆２,11,152,鼬無き間の[テン]誇り。,貂、黄鼬,弱者が、自分より強い者やすぐれている者がいないところで大きい顔をするたとえ。また、そういう人をあざけっていう言葉。
逞筆◆２,12,153,[イッキ]に十たび起つ。,一饋,賢者を求めることに熱心なたとえ。
逞筆◆２,13,154,生まれぬ先の[ムツキ]定め。,襁褓,あまりに準備が大げさで早すぎること。
逞筆◆２,14,155,煙霞の[コシツ]。,痼疾,自然を愛する心が非常に強く、自然の美しさを求めて旅行にあけくれることのたとえ。
逞筆◆２,15,156,燕雀安んぞ[コウコク]の志を知らんや。,鴻鵠,小人者には、大人者の雄大な志がわからないというたとえ。
逞筆◆２,16,157,[エンコウ]月を取る。,猿猴,欲にかられ、身のほど知らずのことをして命までも落とすたとえ。また、無知で無謀な振る舞いのたとえ。
逞筆◆２,17,158,[エンドウ]は日陰でもはじける。,豌豆,年ごろになれば、だれでも性に目覚めるということ。また、事が成るには時間が必要だが、時節がくればおのずと達せられるものだということ。
逞筆◆２,18,159,往事[ビョウボウ]として都て夢に似たり。,渺茫,過ぎ去った昔のことは、もうかすかでとりとめもなく、すべて夢のようであるということ。
逞筆◆２,19,160,[オウム]能く言えども飛鳥を離れず。,鸚鵡,オウムがいかに人の言葉をうまくまねて話せるといっても、鳥であることになんら変わりはない。また、人がいくら言葉巧みに話せても、礼にはずれていたりすれば鳥獣と同じであるということ。
逞筆◆２,20,161,煽てと[モッコ]には乗り易い。,畚,人のおだてと土運びのもっこには乗りやすいものだ。
逞筆◆２,21,162,[ガイコツ]を乞う。,骸骨,辞職を願い出ること。
逞筆◆２,22,163,[ガイサイ]の怨み。,睚眥,ほんのわずかなうらみ。
逞筆◆２,23,164,[ガイシ]の誤り。,亥豕,文字の書き誤りのこと。
逞筆◆２,24,165,[カイドウ]睡り未だ足らず。,海棠,美人が酔って眠ったあと目覚めて、まだ寝不足でなよなよとなまめかしいさま。
逞筆◆２,25,166,[カショ]の国に遊ぶ。,華胥,よい気持ちで昼寝をすること。
逞筆◆２,26,167,片手で錐は[モ]めぬ。,揉,物事を行うには協力が大切であることのたとえ。
逞筆◆２,27,168,狩人[ワナ]にかかる。,罠,人を陥れようとたくらんだ本人が、逆にわなにかかり災難にあうこと。
逞筆◆２,28,169,勧学院の雀は蒙求を[サエズ]る。,囀、哢、啅,ふだん見慣れたり聞き慣れたりしているものはひとりでに覚えるものであるたとえ。
逞筆◆２,29,170,[カンショ]の化。,関雎,夫婦の仲がよくて礼儀正しく、家庭が円満であることのたとえ。
逞筆◆２,30,171,[カンタン]の歩み。,邯鄲,自分の本来のものを忘れて、やたらと他人のまねをして、両方ともうまくいかなくなるたとえ。
逞筆◆２,31,172,[キキョク]は鸞鳳の棲む所に非ず。,枳棘,りっぱな人は自分の居場所を選ぶたとえ。また、すぐれた人は低い地位に甘んじるべきではないことなたとえ。
逞筆◆２,32,173,枳棘は[ランポウ]の棲む所に非ず。,鸞鳳,りっぱな人は自分の居場所を選ぶたとえ。また、すぐれた人は低い地位に甘んじるべきではないことのたとえ。
逞筆◆２,33,174,九仞の功を[イッキ]に虧く。,一簣,最後のわずかな努力を怠ったために、それまでの努力が台無しになるたとえ。
逞筆◆２,34,175,[キュウジン]の功を一簣に虧く。,九仞,最後のわずかな努力を怠ったために、それまでの努力が台無しになるたとえ。
逞筆◆２,35,176,[キョウラン]を既倒に廻らす。,狂瀾,どうしようもなく衰えた形勢を挽回すること。
逞筆◆２,36,177,騏驎も老いては[ドバ]に劣る。,駑馬,どんなにすぐれた人でも年をとれば能力が衰えて、凡人にも及ばなくなるたとえ。
逞筆◆２,37,178,[クンシュ]山門に入るを許さず。,葷酒,修行のさまたげとなるくさい野菜や酒を、寺の門内に持ちこんではならない。
逞筆◆２,38,179,[クンユウ]は器を同じくせず。,薫蕕,善人と悪人、また、君子と小人とは、同じ場所にいることができないということのたとえ。
逞筆◆２,39,180,[ケイガク]の欲。,谿壑、渓壑,限りない欲望のたとえ。強欲のたとえ。
逞筆◆２,40,181,兄弟牆に[セメ]げども外其の務りを禦ぐ。,鬩,仲間どうしで内輪もめしていても、外敵がくると力を合わせてこれにあたること。兄弟についていう語だが、一般に仲間にもいう。
逞筆◆２,41,182,倹約と[リンショク]は水仙と葱。,吝嗇,倹約とけちは、見かけはスイセンとネギのように似たところがあるが、実態はまったく異なるものである。
逞筆◆２,42,183,[コウガイ]死に赴くは易し。,慷慨、慷愾,いきどおり嘆き、激情にかられて死ぬことはたやすい。
逞筆◆２,43,184,[コウシツ]の交わり。,膠漆,かたく結びついた友情。
逞筆◆２,44,185,[コウト]死して良狗烹らる。,狡兎,役に立つ間は大切にされ、不要になると捨てられてしまうたとえ。
逞筆◆２,45,186,功名を[チクハク]に垂る。,竹帛,名前を歴史上にとどめる。後世に伝えられるような偉業をなし遂げること。
逞筆◆２,46,187,[コウモリ]も鳥のうち。,蝙蝠,ちょっとしたかかわりがあるだけなのに、仲間のように振る舞うこと。また、取るに足りない者でも仲間に加えること。
逞筆◆２,47,188,[コウリョウ]一炊の夢。,黄粱,人生のはかないたとえ。
逞筆◆２,48,189,古人の[ソウハク]。,糟魄、糟粕,言葉や文章では、聖人や賢人の本質を伝えるのは到底不可能であるということ。
逞筆◆２,49,190,琴柱に[ニカワ]す。,膠,変化に応じて融通のきかないたとえ。
逞筆◆２,50,191,小舟の[ヨイゴシラ]え。,宵拵,物事の準備がおおげさで、早すぎるたとえ。
逞筆◆２,51,192,[コンニャク]で石垣を築く。,蒟蒻,実現不可能なことのたとえ。
逞筆◆２,52,193,[コンロン]火を失して玉石倶に焚く。,崑崙,価値の高いものも低いものも、同じようになくなってしまうことのたとえ。また、善人も悪人も区別なくわざわいを受けるたとえ。
逞筆◆２,53,194,[ササヤ]き千里。,囁,ここだけの話としてささやかれたことは、すぐに世間に広く伝わってしまうものだということ。囁き八町。
逞筆◆２,54,195,三十輻[イッコク]を共にす。,一轂,車の三十本の輻は轂の空虚な部分に集まっているが、この空虚な部分があってはじめて、車が回転して役に立つということ。
逞筆◆２,55,196,[シセキ]を弁ぜず。,咫尺,あたりが暗くて、ごく近くの物事もわからないこと。
逞筆◆２,56,197,[シトク]の愛。,舐犢,親が子を深く愛すること。
逞筆◆２,57,198,戎馬を殺して[コリ]を求む。,狐狸,小さな利益をあげるために、かえって大きな損失をこうむるたとえ。人間は時に物事の本質を見極められず、大事なものを失うことへの戒め。
逞筆◆２,58,199,[ショウリョウ]深林に巣くうも一枝に過ぎず。,鷦鷯,人は足るを知り、各々その分に応じて満足すべきであるというたとえ。
逞筆◆２,59,200,[ショッケン]日に吠ゆ。,蜀犬,知識の浅い人たちが、すぐれた人の言動を理解できずに、疑って非難し、騒ぎ立てること。
逞筆◆２,60,201,[シラミ]を捫る。,蝨,人前であっても、あえて礼儀作法などにこだわらない態度をとること。
逞筆◆２,61,202,[セッカク]の屈するは以て信びんことを求むるなり。,尺蠖,将来大きく成功するためには、しばらく忍耐して時機を待つことも必要であるたとえ。
逞筆◆２,62,203,千丈の堤も[ロウギ]の穴を以て潰ゆ。,螻蟻,ごく小さな欠陥や油断が、取り返しのつかない大きな損害や事故の原因になるという戒め。
逞筆◆２,63,204,[ソウカイ]の一粟。,滄海,広大なもののなかのきわめて微小なもののたとえ。また、大宇宙のなかの人間の存在のはかなさをいう。大海の一粟。
逞筆◆２,64,205,[ソウカイ]変じて桑田と成る。,滄海,予測できないほど、世の中の移り変わりが激しいこと。また、時勢の大きな変遷のたとえ。
逞筆◆２,65,206,[ソクイン]の心は仁の端なり。,惻隠,人の不幸をあわれみいたむことは、仁のきざしである。
逞筆◆２,66,207,[ダイコウ]出でずんば蒼生を如何せん。,乃公、迺公,この自分が出馬して行動しなければ、世の人民はどうなるであろうか。世に出ようとする者の気負いを表す言葉。
逞筆◆２,67,208,太鼓も[バチ]の当たりよう。,撥、桴,相手がどう応じてくるかは、こちらの出方しだいだというたとえ。
逞筆◆２,68,209,玉を[テラ]いて石を賈る。,衒,表面はりっぱでも内実の劣っているもののたとえ。羊頭狗肉。
逞筆◆２,69,210,民を貴しと為し[シャショク]之に次ぐ。,社稷,人民が国家の根本で最も大切であり、国家のことはこれに次ぐものであるということ。
逞筆◆２,70,211,[チクハク]の功。,竹帛,歴史に名を残すような功績のこと。
逞筆◆２,71,212,[チチュ]が網を張りて鳳凰を待つ。,蜘蛛,力のないものが強大なものに立ち向かう。はかない抵抗のたとえ。到底太刀打ちできないことのたとえ。蟷螂が斧を以て隆車に向かう。
逞筆◆２,72,213,朝菌は[カイサク]を知らず。,晦朔,短命であることのたとえ。また、いのちのはかないことのたとえ。
逞筆◆２,73,214,爪で拾って[ミ]で零す。,箕,苦労して少しずつ蓄えたものを、あっという間に使い果たしてしまうこと。
逞筆◆２,74,215,[テイガク]の情。,棣鄂,仲むつまじい兄弟の情愛。
逞筆◆２,75,216,[テイヨウ]藩に触る。,羝羊,見さかいなく突進して、うまくいかずに進退きわまることのたとえ。
逞筆◆２,76,217,出る船の[トモヅナ]を引く。,纜,思い切りが悪く、未練たらしいことをするたとえ。
逞筆◆２,77,218,[テンダイ]の筆。,椽大,堂々としたりっぱな文章のたとえ。
逞筆◆２,78,219,[テン]なき森の鼬。,貂、黄鼬,権力者がいない所では、つまらない人間が幅をきかせるたとえ。
逞筆◆２,79,220,[トウソ]魚肉の際。,刀俎,俎上の肉。他人に運命がすべて握られ、身動きがとれない状態のたとえ。
逞筆◆２,80,221,桃李言わざれども、下自ら[ケイ]を成す。,蹊,人徳のある人には、自然と人々が慕って集まるというたとえ。
逞筆◆２,81,222,[ドバ]も十駕。,駑馬,才能に恵まれない者でも、たゆまぬ努力を続ければ、すぐれた者に追いつくことができるということ。
逞筆◆２,82,223,鳥なき里の[コウモリ]。,蝙蝠,すぐれた人のいないところでは、つまらぬ者が我が物顔に振る舞うことのたとえ。
逞筆◆２,83,224,吞舟の魚も水を失えば則ち[ロウギ]に制せらる。,螻蟻,大人物も、才能にふさわしい地位や役職を与えられなければ、その能力を存分に発揮できず、つまらぬ者に苦しめられることになるというたとえ。
逞筆◆２,84,225,[ナマリ]は国の手形。,訛、譌,話す言葉のなまりで、その人の故郷がわかるということ。
逞筆◆２,85,226,[ナンカ]の夢。,南柯,人生のはかないことのたとえ。
逞筆◆２,86,227,白璧の[ビカ]。,微瑕,すぐれたものにわずかな欠点のあるたとえ。完全無欠でないことのたとえ。
逞筆◆２,87,228,白駒の[ゲキ]を過ぐるが若し。,郤、隙,年月がたつのが驚くほど早いことのたとえ。光陰矢の如し。
逞筆◆２,88,229,鳩に三枝の礼あり烏に[ハンポ]の孝あり。,反哺,親に対して礼儀と孝行を尽くすこと。
逞筆◆２,89,230,比丘尼に[コウガイ]。,筓,必要のないことや不似合いなことのたとえ。
逞筆◆２,90,231,人と[ビョウブ]は直には立たず。,屛風,屛風が折り曲げないと立たないように、人も他人もほどほどに妥協しなければ、世渡りができないという教え。
逞筆◆２,91,232,人の[センキ]を頭痛に病む。,疝気,人の腹痛を心配して自分が頭痛する意から、関係のないことに余計な心配をすること。
逞筆◆２,92,233,[ヒニク]の嘆。,髀肉、脾肉,実力を発揮し、手柄を立てる機会がないことを嘆くたとえ。
逞筆◆２,93,234,[フザン]の夢。,巫山,男女の情交のこと。
逞筆◆２,94,235,兵は[キドウ]なり。,詭道,戦争はただ敵に勝てばよいので、相手をあざむく方法にほかならない。
逞筆◆２,95,236,平地に[ハラン]を起こす。,波瀾,物事が平穏無事にいっているところに、あえてもめごとや騒ぎを起こすこと。
逞筆◆２,96,237,目は[ゴウモウ]を見るも睫を見ず。,毫毛,他人の欠点は小さなことまで気がつくが、自分の欠点には気がつかないたとえ。
逞筆◆２,97,238,[ヤスリ]と薬の飲み違い。,鑢,一見すると似ているが、実際はまったく異なることのたとえ。また、十分に聞いたり確かめたりせずにわかったつもりになること、早合点することのたとえ。
逞筆◆２,98,239,病[コウコウ]に入る。,膏肓,病気が重くなり、治る見込みがなくなること。趣味や道楽におぼれて抜け出せなくなるたとえ。
逞筆◆２,99,240,用ある時の地蔵顔、用なき時の[エンマ]顔。,閻魔,人に物事を頼むときは笑顔をつくり、用事がないときは無愛想な顔でいること。人間の勝手なことをいう。
逞筆◆２,100,241,[ランジャ]の室に入る者は自ら香ばし。,蘭麝,よい環境にいてよい友人と交われば、自然に感化されて自分の身も正しくなるということのたとえ。
逞筆◆２,101,242,[リギュウ]の喩え。,犂牛,どんな家柄に生まれようと、本人がすぐれた才能をもっていさえすれば、必ず世に用いられるという教え。
逞筆◆２,102,243,[リュウジョ]の才。,柳絮,非凡な才女。また、文才のある女性。才媛。
逞筆◆２,103,244,[リョウゲン]の火。,燎原,物事が非常な勢いで広がり、とどめることのできないたとえ。
逞筆◆２,104,245,[リンゲン]汗の如し。,綸言,汗は体なら出ると二度と戻せないように、一度君主の口から発せられた言葉は、取り消すことができないということ。
逞筆◆２,105,246,老牛犢を[ネブ]る。,舐,親が子どもを深く愛することのたとえ。
逞筆◆２,106,247,[ロウ]を得て蜀を望む。,隴,人の欲望には限りがないたとえ。
逞筆◆２,107,248,隴を得て[ショク]を望む。,蜀,人の欲望には限りがないたとえ。
逞筆◆２,108,249,[ロカイ]の立たぬ海もなし。,櫓櫂、艪櫂,どのような困難においても、なんらかの方策はあることのたとえ。
逞筆◆２,109,250,暁知らずの[ヨイマクラ]。,宵枕,宵ははやくから床につき、朝は遅くまで寝ていること。
逞筆◆２,110,251,飽かぬは君の[ゴジョウ]。,御諚,主君の命令であれば、どんな無理なことでも嫌だとは思わないということ。
逞筆◆２,111,252,[オトガイ]の雫。,頤,手近にありながら思うようにならないこと。顎の雫。口に入らぬ。
逞筆◆２,112,253,商いは牛の[ヨダレ]。,涎,商売は気長に辛抱強く続けよということ。
逞筆◆２,113,254,商人の子は[ソロバン]の音で目をさます。,算盤、十露盤,人の習性が、生活環境の影響を受けることのたとえ。
逞筆◆２,114,255,[アザミ]の花も一盛り。,薊,器量のあまりよくない女性でも、年頃になると魅力が出てくるということ。蕎麦の花も一盛り。鬼も十八。
逞筆◆２,115,256,普天の下、[ソット]の浜。,率土,全世界のこと。空がおおっているすべて、地の続くかぎり。
逞筆◆２,116,257,[スウジョウ]に詢る。,芻蕘,物事は全ての人に相談するがよい。下層の人の声も聞くがよい。
逞筆◆２,117,258,口で[ケナ]して心で褒める。,貶,口では悪く言っているが、心の中では愛情を持って見守っていること。
逞筆◆２,118,259,好きの道には[コモ]被る。,菰、薦,好きな道にあまりのめり込むと、ついには破産して乞食の境涯に落ち込んでしまうことになる。また、好きな道のためにはそのような境涯になってもかまわない。
逞筆◆２,119,260,因果が[ツクバ]う。,蹲,不運な境遇になることが避けられない。
逞筆◆２,120,261,善言は[フハク]よりも暖かなり。,布帛,言葉には、人の心をあたためる大きな力があることのたとえ。
逞筆◆２,121,262,[ウソ]の雄は晴れを呼び雌は雨を呼ぶ。,鷽,その鳴き声で晴雨を判断する。
逞筆◆２,122,263,[シュウレン]の臣あらんよりは寧ろ盗臣あれ。,聚斂,重税を取り立てて、人民の反感・反抗を招く臣よりも、公の財産を盗んで私服をこやす臣の方がましである。政治の根本は財貨よりも民心を得ることにあることをいう。
逞筆◆２,123,264,[スッポン]が時をつくる。,鼈,すっぽんが時を告げる。あるはずがないことのたとえ。
逞筆◆２,124,265,[タイカ]の材は一丘の木に非ず。,大廈,天下に平和をもたらすことは大勢の人の力によるもので、決して少数の力ではできないということ。
逞筆◆２,125,266,[スイキョウ]して天下治まる。,垂拱,天下の徳がいきわたって、手をこまぬいて何もしなくても天下が平穏無事に収まること。古代中国の理想的な状態。
逞筆◆２,126,267,捨て[バシ]を突く。,嘴、觜,追いつめられた弱い鳥でも反撃してかえって相手を傷つける。
逞筆◆２,127,268,[ウジムシ]も一代。,蛆虫,どんな生き方をしても、一生は一生だということ。
逞筆◆２,128,269,[ケラ]腹立つれば鶫喜ぶ。,螻蛄、螻,一方が怒れば他方が喜ぶというように、両者の利害が反することのたとえ。
逞筆◆２,129,270,[イチモツ]の鷹も放さねば捕らず。,逸物,どんなにすぐれたものでも、実際に活用しなければ何の役にも立たないということのたとえ。
逞筆◆２,130,271,河童に塩を[アツラ]える。,誂,見当はずれの注文をするたとえ。
逞筆◆２,131,272,君子は言に[トツ]なれども行いに敏ならんと欲す。,訥,君子は口べたであっても行動のうえでは素早くありたいと思うものである。
逞筆◆２,132,273,[ジンコウ]も焚かず屁もひらず。,沈香,可もなく不可もなく平々凡々であることのたとえ。
逞筆◆２,133,274,積悪の家には必ず[ヨオウ]有り。,余殃,悪事を重ねて来た家には、必ず子孫に災いが及んでくるということ。
逞筆◆２,134,275,[センダン]は双葉より芳し。,栴檀,将来大成する人は、幼いときからすぐれた素質を現すたとえ。
逞筆◆２,135,276,[タイカ]の顚るや、一木の支うる所に非ず。,大廈,国が滅びかかっているときは、一人の力ではいかんともしがたいたとえ。
逞筆◆２,136,277,[タイカン]は忠に似たり。,大姦、大奸,大悪人は、自分の本性を隠したくみに振る舞うので、いかにも忠臣のように見えるということ。
逞筆◆２,137,278,鶍の[ハシ]。,嘴、觜,物事がくいちがって、思いどおりにならないたとえ。
逞筆◆２,138,279,田鼠化して[ウズラ]となる。,鶉,陰暦三月のこと。ウズラが麦畑などでしきりに鳴くのどかな春の季節感を表した言葉。
逞筆◆２,139,280,[トタン]の苦しみ。,塗炭,非常な苦しみ、苦痛のたとえ。
逞筆◆２,140,281,[ハイカン]を摧く。,肺肝,心を尽くして考え抜くこと。なみなみならぬ苦心をすること。
逞筆◆２,141,282,百尺[カントウ]一歩を進む。,竿頭,ある目的や目標に到達しても、それに満足することもなく、さらなる向上をめざし努力することのたとえ。
逞筆◆２,142,283,百年[カセイ]を俟つ。,河清,どんなに待ち望んでも、けっして実現しないことのたとえ。また、あてにできないことを期待するたとえ。
逞筆◆２,143,284,布施ない経に[ケサ]落とす。,袈裟,報酬が少ないと、手抜きをするたとえ。布施ない経は読まぬ。
逞筆◆２,144,285,[ブンボウ]牛羊を走らす。,蚊虻,弱小なものが強大なものを制すること。また、ささいなことが原因で大事件や災害を引き起こすこと。
逞筆◆２,145,286,[ブンボウ]の労。,蚊虻,取るに足らない技能のたとえ。
逞筆◆２,146,287,焼け野の[キギス]夜の鶴。,雉,親が子を思う愛情の深さのたとえ。
逞筆◆２,147,288,[リョウウン]の志。,凌雲、陵雲,俗世間を高く超越したいと願う高い志。また、志気盛んに大いに立身出世しようとする志。
逞筆◆２,148,289,[リョウジョウ]の君子。,梁上,盗賊・どろぼうのこと。転じて、ネズミの別称。
逞筆◆２,149,290,[ロギョ]の誤り。,魯魚,文字の書き誤り。
逞筆◆２,150,291,当たる罰は[コモ]着ても当たる。,薦、菰,悪いことをすれば、薦をかぶって罰を逃れようとしても、神様は見逃さないという戒め。
逞筆◆２,151,292,[アツウン]の曲。,遏雲,空を流れていく雲を止めるほどの、すばらしい音楽。また、美しい歌声のこと。
逞筆◆２,152,293,新たに[モク]する者は必ず冠を弾く。,沐,清潔な人ほど、不正を遠ざけようとするものだということ。
逞筆◆２,153,294,大山も[ギケツ]より崩る。,蟻穴,小さなことでも油断しておろそかにしていると、とりかえしのつかない大きな失敗を招く恐れがあること、ちょっとした油断や失敗が大きな危難を招くことのたとえ。
逞筆◆２,154,295,[アンエイ]の狐裘。,晏嬰,倹約に務めて職務に励むことのたとえ。一狐裘三十年。
逞筆◆２,155,296,晏嬰の[コキュウ]。,狐裘,倹約に務めて職務に励むことのたとえ。一狐裘三十年。
逞筆◆２,156,297,家に無くてはならぬものは上がり[ガマチ]と女房。,框、檔,家には必ず上がりがまちがあるように、家庭には主婦が必要であるということ。主婦の大切さを言った言葉。
逞筆◆２,157,298,[イサカ]い果てての契り。,諍,けんかの後で、仲良くなること。
逞筆◆２,158,299,砂に黄金、泥に[ハチス]。,蓮,つまらない物の中に良い物が混じっていることのたとえ。
逞筆◆２,159,300,[ツウヨウ]を感ぜず。,痛痒、痛癢,痛くもかゆくもない。身に何の利害も影響も感じない。
逞筆◆２,160,301,[コタツ]で河豚汁。,炬燵、火燵,安全を心がけながら一方で危険なことをするたとえ。
逞筆◆２,161,302,一[ウリザネ]に二丸顔。,瓜実、瓜核,女性の顔たちの良さをいう。
逞筆◆２,162,303,[イッキ]の功。,一簣,完成一歩手前の努力のたとえ。努力の積み重ねの大切さをいう。
逞筆◆２,163,304,[イッキ]を以て江河を障ぐ。,一簣,微力で乱を防ぐことなどのたとえ。
逞筆◆２,164,305,[イッタン]の食、一瓢の飲。,一簞,きわめて貧しい食事のこと。また、清貧に甘んずること。
逞筆◆２,165,306,命長ければ[ホウライ]を見る。,蓬萊,長生きをしていれば、思いがけない幸運に会うこともあるということ。
逞筆◆２,166,307,命は[キンカ]の露の如し。,槿花,人の命は、朝顔の花に降りた露のように、はかないものだということ。
逞筆◆２,167,308,命は[コウモウ]より軽し。,鴻毛,正義のためであれば、命を捨てても惜しくないということ。
逞筆◆２,168,309,[イハツ]を継ぐ。,衣鉢,恩師や先人から、学問・技芸などの奥義や秘伝を受け継ぐこと。
逞筆◆２,169,310,[イモン]の望。,倚門,子を思う親の愛情が切実なたとえ。特に母親の愛情についていう。
逞筆◆２,170,311,[ガマ]は恒に鳴けども、人は聴かず。,蝦蟇、蝦蟆、蝦、蟇、蟆,多言は人世に益のないたとえ。
逞筆◆２,171,312,[ウショウ]を飛ばす。,羽觴,宴会など杯のやり取りを盛んに行うこと。
逞筆◆２,172,313,内股[ゴウヤク]。,膏薬,都合によってあちらこちらにつきしたがい、態度が一定しないたとえ。
逞筆◆２,173,314,瓜の蔓に[ナスビ]はならぬ。,茄子、茄,平凡な親から非凡な才能をもつ子は生まれないたとえ。
逞筆◆２,174,315,[ウロ]の争い。,烏鷺,囲碁の勝負のこと。
逞筆◆２,175,316,竽を好むに[シツ]を鼓す。,瑟,人の好みに合わないことをするたとえ。
逞筆◆２,176,317,[ウンゲイ]の望み。,雲霓,切実な希望のたとえ。特に、名君の出現を待望すること。
逞筆◆２,177,318,栄華有る者は必ず[ショウスイ]あり。,憔悴,栄えているものは、必ず衰える時が来るということ。栄枯盛衰は世の常であることを言った言葉。
逞筆◆２,178,319,[エイジ]の貝を以て巨海を測る。,嬰児,到底できないことのたとえ。
逞筆◆２,179,320,[エッソ]の罪。,越俎,他人の職分や権限を犯す罪。
逞筆◆２,180,321,宴安は[チンドク]。,酖毒、鴆毒,享楽にふけることに対する戒め。
逞筆◆２,181,322,[エン]を北にして楚に適く。,轅,目的と行動とが食い違っていることのたとえ。
逞筆◆２,182,323,大きい[ヤカン]は沸きが遅い。,薬缶,大人物は、ふつうの人より大成するのに歳月を要するたとえ。
逞筆◆２,183,324,[オガクズ]も言えば言う。,大鋸屑,理由をつけようと思えばどんなことにもつけられるというたとえ。
逞筆◆２,184,325,[オトガイ]を解く。,頤,あごがはずれるほど大笑いすること。
逞筆◆２,185,326,家鶏を賤しみて[ヤチ]を愛す。,野雉,古いものを嫌い、珍しく新しいものを好むこと。また、身近な物や良いものを嫌い、遠くにあるものや悪いものを好むこと。
逞筆◆２,186,327,風下に[ザル]。,笊,苦労しても何の役にも立たないことのたとえ。
逞筆◆２,187,328,河東の[シシク]。,獅子吼,口やかましい妻が、夫に向かってがみがみいうのを皮肉った言葉。
逞筆◆２,188,329,鐘も[シュモク]の当たりがら。,撞木,人は、こちらの接し方によって態度が違ってくるということのたとえ。また、人は連れ添う相手によって、よくも悪くもなるということのたとえ。
逞筆◆２,189,330,[カミス]きの手鼻。,紙漉、紙抄,人の為にばかり物を作り、自分ではそれを使わず不自由することのたとえ。
逞筆◆２,190,331,鴨を打って[エンオウ]を驚かす。,鴛鴦,一人を罰して、ほかの罪のない人々をおびえさせることのたとえ。
逞筆◆２,191,332,借りる八合、[ナ]す一升。,済,金や物を借りたら、返すときは感謝の気持ちを表すために、少し多めに返すのがよいという教え。
逞筆◆２,192,333,驪竜[ガンカ]の珠。,頷下,危険を冒さなければ得られないもののたとえ。
逞筆◆２,193,334,関関たる[ショキュウ]は河の洲に在り。,雎鳩,夫婦仲がよくむつまじいこと。また、仲の良い夫婦のこと。
逞筆◆２,194,335,[カンシャク]持ちの事破り。,癇癪,感情を抑えきれず、すぐに怒り出す癇癪持ちは、物事をぶち壊してしまいやすいということ。
逞筆◆２,195,336,[カンテン]の慈雨。,旱天、干天,ひでり続きのときに雨が降るように、困り果てたときに救われるたとえ。また、待望していたことが実現するたとえ。
逞筆◆２,196,337,千日の[カンバツ]に一日の洪水。,旱魃、干魃,千日続くひでりと、一日ですべてを押し流す洪水とは、同程度の被害をもたらすということ。瞬時に災害をもたらす洪水の恐ろしさをいう。
逞筆◆２,197,338,[キキ]の跼躅するは駑馬の安歩に如かず。,騏驥,どんなにすぐれた人間でも怠けていれば、平凡だが努力し続ける人間にはかなわないというたとえ。
逞筆◆２,198,339,傷持つ足は[ササラ]。,簓,身のうしろ暗さから、簓の音にも臆すること。
逞筆◆２,199,340,[シャクシ]は耳掻きにならず。,杓子,大きいものは形が似ていても、小さいもののかわりになるとは限らないたとえ。
逞筆◆２,200,341,[キビ]に付す。,驥尾,すぐれた人にしたがって物事を成しとげること。また、愚者も賢者にしたがっていれば思いのほか志をとげることができるたとえ。多く、自分の行動をへりくだっていう言葉。
逞筆◆２,201,342,朽索の六馬を[ギョ]するが如し。,馭、御,困難で危険なことのたとえ。
逞筆◆２,202,343,[キョウド]の末魯縞に入る能わず。,強弩,初めは強いものでも衰えては力がなくなり、何事もできなくなることのたとえ。英雄や強国の末路にいう。
逞筆◆２,203,344,金の卵も生む[ガチョウ]を殺すな。,鵝鳥,目先の利益のために、大局的な見通しを失ってはならないという戒め。
逞筆◆２,204,345,空谷の[キョウオン]。,跫音,思いがけない喜びのたとえ。また、非常に珍しいことのたとえ。懐かしい人が訪ねて来たりうれしい便りが届いたりすること。孤立しているときに賛同者を得た場合にも用いる。
逞筆◆２,205,346,草、[レイゴ]に満つ。,囹圄,政治がよく行われていて、犯罪がないことのたとえ。
逞筆◆２,206,347,鯨に[シャチホコ]。,鯱,どこまでもつきまとって、害を与えることのたとえ。また、邪魔にされてもどこまでもついていくことのたとえ。
逞筆◆２,207,348,[クシ]の歯を挽く。,櫛,同じような物事が次から次へと絶え間なく行われること。また、人の往来などが絶えないこと。
逞筆◆２,208,349,紅は[ソノウ]に植えても隠れなし。,園生,すぐれた人物はどこにいてもひときわ目立つことのたとえ。
逞筆◆２,209,350,群蟻[セイセン]に付く。,腥羶,人々が私利私欲のために利益のあるところに群がり集まることのたとえ。
逞筆◆２,210,351,白頭新の如く、[ケイガイ]故の如し。,傾蓋,交友の深さは付き合った年月の長さによらず、互いの心を知る深さによるたとえ。
逞筆◆２,211,352,[ケイギョク]の艱。,桂玉,よそから物価の高いところに来て生活に苦しむこと。
逞筆◆２,212,353,[ケイキョク]の道。,荊棘,苦難に満ちた人生航路のたとえ。
逞筆◆２,213,354,桂林の一枝、[コンザン]の片玉。,崑山,少しばかりの出世のたとえ。出世したことを謙遜していう語。また、科挙に合格したことを謙遜していうことば。転じて、容易に得がたい人物や物事。また、高潔で世俗を抜け出ている人物のたとえ。
逞筆◆２,214,355,[ケ]にも晴れにも歌一首。,褻,一つ覚えで無芸であること。ばかの一つ覚え。
逞筆◆２,215,356,[ケンガ]の弁。,懸河,よどみない弁舌。勢いがよくすらすらと流れるような話しぶり。
逞筆◆２,216,357,[ケント]の争い。,犬兎,無益な争い、また無益な争いをして第三者に利益をもっていかれるたとえ。
逞筆◆２,217,358,凱風南よりして彼の[キョクシン]を吹く。,棘心,母親が愛情をもって子供を暖かく見守り育てることのたとえ。
逞筆◆２,218,359,[コウケツ]を絞る。,膏血,人民に重い税金を課し、厳しく取り立てること。また心血を注ぐこと。
逞筆◆２,219,360,好言は口よりし、[ユウゲン]も口よりす。,莠言,よい言葉は口から出るが、悪いことばもまた、口から出るということ。
逞筆◆２,220,361,合抱の木も[ゴウマツ]に生ず。,毫末,どんなに強く大きいものでも、はじめは弱く小さいものだということ。
逞筆◆２,221,362,[ゴウリ]の差は千里の謬り。,毫釐,ごく小さな原因が、きわめて大きな結果をもたらすことのたとえ。
逞筆◆２,222,363,鉤を窃む者は[チュウ]せられ、国を窃む者は諸侯となる。,誅,道理に合わないことのたとえ。
逞筆◆２,223,364,[コキュウ]にして羔袖す。,狐裘,全体としては良いのに、一個所だけ欠点があることのたとえ。また、部分的に悪いところはあるが、全体から見れば立派であるということ。
逞筆◆２,224,365,琥珀は[フカイ]を取らず。,腐芥,どのような時にも身の潔白を保ち、信念を曲げないことのたとえ。
逞筆◆２,225,366,[コムソウ]に尺八。,虚無僧,必ずついている物、あるべき物のたとえ。
逞筆◆２,226,367,財宝は地獄の[イエヅト]。,家苞,この世で蓄えた金や宝は、罪の報いで地獄へ行くときの土産となるにすぎないということ。また、金や宝を持てば、死ぬ時もそれに心が残って、往生のさまたげになるということ。
逞筆◆２,227,368,[ロ]三年に棹八年。,櫓、艪,何事も一人前になるにはそれなりの修業が必要だということ。
逞筆◆２,228,369,桜三月、[ショウブ]は五月。,菖蒲,時季の花を言った言葉。桜の見ごろは三月で、菖蒲の見ごろは五月であるということ。
逞筆◆２,229,370,雑魚も[ウオヒレ]。,魚鰭,大小の違いはあっても、持つべきものを持っていることのたとえ。
逞筆◆２,230,371,[サヤバシ]りより口走り。,鞘走,失言への戒め。
逞筆◆２,231,372,[シシ]に鞭打つ。,死屍,亡くなった人の言動に対して非難や攻撃を加えること。
逞筆◆２,232,373,蜆千より[ホラ]貝一つ。,法螺,役に立たないものがたくさんあるより、役に立つものが一つある方がよいということ。
逞筆◆２,233,374,風に草[ナビ]く。,靡,人民が権力者の言うがままになる、また、小人が有徳者に服することなどのたとえ。
逞筆◆２,234,375,疾風に[ケイソウ]を知る。,勁草,困難や試練に遭遇してはじめて、その人の意志や節操の堅固さが分かるというたとえ。
逞筆◆２,235,376,[ジャ]あれば香し。,麝,才能や徳のある者は、自然に世に認められるというたとえ。
逞筆◆２,236,377,[ジャクソウ]風の起こる所を知る。,鵲巣,動物の行動を見て色々なことを予知・予測することができるということ。
逞筆◆２,237,378,一簞の食、[イッピョウ]の飲。,一瓢,きわめて貧しい食事のこと。また、清貧に甘んずること。
逞筆◆２,238,379,[ジャコウ]は臍故命をとらるる。,麝香,長所がかえって災難を招くもとになるというたとえ。
逞筆◆２,239,380,[シャミ]から長老にはなれぬ。,沙弥,物事には順序や段階があり、それを順に踏んでいかなければ上位に上がれないということ。
逞筆◆２,240,381,[シュウト]の物で相婿もてなす。,舅,他人の持ち物でちゃっかりと人に自分の義理を果たすこと。自分のふところを痛めずに、他人に振る舞うこと。
逞筆◆２,241,382,[シュウトメ]の十七見た者ない。,姑,真偽がはっきりしない、あてにならない話であるということ。
逞筆◆２,242,383,重箱に[ニシ]め。,煮染,外見は立派なのに中身が粗末なこと。また、内容と外見が一致しないことのたとえ。
逞筆◆２,243,384,重箱の隅を[ヨウジ]でほじくる。,楊枝、楊子,取るに足りないささいなことまで取り上げて、詮索したり口出ししたりするたとえ。
逞筆◆２,244,385,[シュウビ]を開く。,愁眉,心配がなくなり、ほっと安心する。
逞筆◆２,245,386,[シュツラン]の誉れ。,出藍,弟子が師よりもまさるようになることのたとえ。
逞筆◆２,246,387,[ショウジョウ]は血を惜しむ、犀は角を惜しむ。,猩猩,どんな者にも、守り通すべき大切なものがあるというたとえ。
逞筆◆２,247,388,猩猩能く言えども[キンジュウ]を離れず。,禽獣,鳥や獣と人間との違いは礼儀を知っているかどうかであり、礼儀を知らない人間は、どんなにうまく話ができても鳥や獣と同じだというたとえ。
逞筆◆２,248,389,[ショキュウ]の交わり。,杵臼,貧富や貴賤を問題にしない交友。主従の関係を越えた交友のこと。
逞筆◆２,249,390,[シラ]げの中の籾。,精,よりすぐった中に悪いものが混じっていることのたとえ。
逞筆◆２,250,391,尻切れ[トンボ]。,蜻蛉、蜻蜓,物事が中途で切れて、完結しないこと。また、何をやっても長続きしない人に対する皮肉の言葉。
逞筆◆２,251,392,[シワ]ん坊と灰吹きは溜まるほど汚い。,吝,けちんぼうは、金がたまればたまるほどいよいよ意地汚くなる。
逞筆◆２,252,393,[シワ]ん坊の柿の種。,吝,極端なけちん坊をののしった言葉。
逞筆◆２,253,394,沈香も焚かず屁も[ヒ]らず。,放,目立った長所も欠点もない、役にも立たないが害にもならない。可もなく不可もなく平凡であることのたとえ。
逞筆◆２,254,395,人中の[キキ]。,騏驥,人々の中にあって、ずばぬけてすぐれた人のたとえ。
逞筆◆２,255,396,[ジンチョウゲ]は枯れても芳し。,沈丁花、瑞香,すぐれているものは、最後まで本質的な価値を失わないこと。
逞筆◆２,256,397,頭巾と見せて[ホオカム]り。,頰冠、頰被,見かけの体裁はととのえていても、内情は苦しいことのたとえ。
逞筆◆２,257,398,[セイア]の見。,井蛙,狭い見識のたとえ。
逞筆◆２,258,399,[セイコク]を失わず。,正鵠,的の中心をはずさないこと。物事の要点や急所を正確にとらえること。
逞筆◆２,259,400,[イバク]修まらず。,帷幕,男女の関係、風紀が乱れていること。
逞筆◆２,260,401,精を得て[ソ]を忘る。,麤,物事の真髄をつかんで、本質的ではないことは忘れてしまうこと。本質だけをとらえ、外形などにとらわれないことのたとえ。
逞筆◆２,261,402,[セッチン]の錠前。,雪隠,咳ばらいをすること。
逞筆◆２,262,403,泉石[エンカ]の病。,煙霞,自然を愛し、その中で暮らすことに取りつかれ、それを病気のかかったようだと表現したもの。
逞筆◆２,263,404,戦戦[リツリツ]日に一日を慎め。,慄慄,おごりたかぶらず、注意深く反省しながら毎日を慎み深く送れということ。
逞筆◆２,264,405,仙人の千年、[カゲロウ]の一時。,蜉蝣、蜻蛉,長短の差はあるが、どちらも一生であるということ。また、同じ一生でも、長短の差が大きいことのたとえ。
逞筆◆２,265,406,[ソウイ]未だ瘳えず。,創痍,戦争による痛手から十分に立ち直っていないこと。※瘳えず（い-えず）※漢検対象外
逞筆◆２,266,407,[ソウモウ]の臣。,草莽,官職に就かない民間人。
逞筆◆２,267,408,[ソウリン]実ちて礼節を知る。,倉廩,人は生活が安定し、ゆとりができてはじめて礼儀や節度をわきわえるようになる。
逞筆◆２,268,409,駕籠[カ]き駕籠に乗らず。,舁,仕事でいつも扱っていても、自分のためには使わないことのたとえ。他人のために尽くすばかりで、自分のことには手が回らないこと。紺屋の白袴。槍持ち槍を使わず。髪結い髪結わず。
逞筆◆２,269,410,泰山の[アマダレ]は石を穿つ。,霤,わずかな力でも、長い間積み重ねれば大きな結果をもたらす。微力を積みあげて大事をなしとげるたとえ。
逞筆◆２,270,411,鯛なくば[エソ]。,狗母魚、鱛,よいものがなければ、それに代わるもので我慢するよりほかないというたとえ。
逞筆◆２,271,412,雨後の[タケノコ]。,筍、笋,同じような物事が、次から次へ続いて起こることのたとえ。
逞筆◆２,272,413,蛸に骨なし[クラゲ]に目なし。,海月、水母,わかりきったことのたとえ。
逞筆◆２,273,414,[アダ]な素足も貧から起こる。,婀娜,色っぽい素足を見せるのも、足をおおい隠す足袋が買えないほど貧乏だからである。
逞筆◆２,274,415,[タドン]に目鼻。,炭団,色黒で目鼻だちがはっきりしない。醜い顔のたとえ。
逞筆◆２,275,416,隣の[ジンダ]味噌。,糂粏,他人のものは何でもよく見えることのたとえ。
逞筆◆２,276,417,胴殼を[タラ]かす。,誑,人を誘惑して本心を失わせる。色じかけでだます。
逞筆◆２,277,418,[チソウ]終わらば油断すな。,馳走,人がもてなしてくれる裏には、何か求めることがあっての事だから、もてなされたあとは十分に気を付けろということ。
逞筆◆２,278,419,近くて見えぬは[マツゲ]。,睫,他人の事はよく分かるが、自分の事はよく分からないたとえ。
逞筆◆２,279,420,米の飯より[オボ]し召し。,思,贈り物はその中身よりも、それを贈ってくれた人の心持ちがうれしい。
逞筆◆２,280,421,[ノミ]の夫婦。,蚤,妻が夫より大柄な夫婦のこと。
逞筆◆２,281,422,手酌五合、[タボ]一升。,髱,酒は、一人で手酌で飲むと五合しか飲めないが、女性が酌をしてくれると一升でも飲んでしまうということ。
逞筆◆２,282,423,鉄中の[ソウソウ]。,錚錚,凡人のなかで、少しすぐれた者のたとえ。
逞筆◆２,283,424,天に跼り地に[ヌキアシ]す。,蹐,恐れおののいてびくびくすること。ひどく恐れて身の置き所のないこと。また、世の中を恐れ、隠れるようにして生きているさま。
逞筆◆２,284,425,[トリモチ]で馬を刺す。,鳥黐、黐,方法が間違っていること。やっても無駄で、できるはずがないことのたとえ。
逞筆◆２,285,426,[ナタ]を貸して山を伐られる。,鉈、屶,人のためを思ってしたことが、かえって自分の損害を招くたとえ。
逞筆◆２,286,427,夏座敷と[カレイ]は縁側がよい。,鰈、王余魚,夏は暑いので、部屋の中より縁側が過ごしやすく、鰈もヒレに近い縁側が味がいいということ。
逞筆◆２,287,428,[ニオ]の浮き巣。,鳰,不安定なことのたとえ。人生の浮き沈みなどをいう。
逞筆◆２,288,429,蠹[ツイバ]みて梁柱を剖く。,啄、啅,災いは小さいうちに取り除くべきだというたとえ。
逞筆◆２,289,430,[ニベ]もない。,鮸膠、鰾膠,そっけなくて、人情味がないこと。冷淡なようす。
逞筆◆２,290,431,[ナマコ]を藁でつなぐ。,海鼠,制御・束縛の自在なこと、しだいに減少すること、また、たちまち閉口することのたとえ。
逞筆◆２,291,432,[ネイゲン]は忠に似たり。,佞言,へつらいの言葉はいかにも忠義めいて聞こえるから、注意して聞かなければならないということ。
逞筆◆２,292,433,[ノウチュウ]の錐。,囊中,賢者が多くの人のなかから、その才能を現すことのたとえ。
逞筆◆２,293,434,鑿に[カンナ]の働きは無し。,鉋,どんなにすぐれた道具であっても、物にはそれぞれの機能があるので、本来の用途以外には役に立たないということ。
逞筆◆２,294,435,出ずる日[ツボ]む花。,蕾,前途洋々、盛んなさまのたとえ。
逞筆◆２,295,436,[ハナ]から和尚はない。,端,物事には順序があって、一足飛びには進めないこと。
逞筆◆２,296,437,[ヒスイ]は羽を以て自ら害なわる。,翡翠,長所が、かえって害を招くもとになることのたとえ。
逞筆◆２,297,438,[ヒッケン]を新たにする。,筆硯,文章や詩の構想・構成などを全面的に変更して書き改めること。
逞筆◆２,298,439,旱魃に[キキン]なし。,飢饉、饑饉,雨の多い年には収穫の全くないこともあるが、旱魃には多少の収穫がある。大雨より旱魃の方がましである。
逞筆◆２,299,440,[ヒナ]に都あり。,鄙、俚,田舎にも都会のように賑やかな所、優美な点があるということ。
逞筆◆２,300,441,[ヒョウタン]から駒が出る。,瓢簞,あり得ないことが実現するたとえ。また、冗談で言ったことが実際に起こってしまうたとえ。
逞筆◆２,301,442,[ヒョウフウ]は朝を終えず、驟雨は日を終えず。,飄風、飆風,自然の変化が長続きしないように、不自然なことや生き方などは長続きしないということ。
逞筆◆２,302,443,[フクテツ]を踏む。,覆轍,前の人と同じ失敗をくりかえすことのたとえ。
逞筆◆２,303,444,豚も[オダ]てりゃ木に登る。,煽,おだてられて気分をよくすれば、能力以上の働きをすること。
逞筆◆２,304,445,藪医者の薬味[ダンス]。,簞笥,下手な者ほど道具にこだわり、より好みすること。
逞筆◆２,305,446,[ヘラ]を使う。,篦,どちらつかずの曖昧な口調で話す。
逞筆◆２,306,447,天に[セグクマ]り地に蹐す。,跼,恐れおののいてびくびくすること。ひどく恐れて身の置き所のないこと。また、世の中を恐れ、隠れるようにして生きているさま。
逞筆◆２,307,448,飄風は朝を終えず、[シュウウ]は日を終えず。,驟雨,自然の変化が長続きしないように、不自然なことや生き方などは長続きしないということ。
逞筆◆２,308,449,暴虎[ヒョウガ]の勇。,馮河,向こう見ずで無謀な行動をすることのたとえ。
逞筆◆２,309,450,[ボウシ]剪らず采椽削らず。,茅茨,質素な宮殿のさま。
逞筆◆２,310,451,[ホウソウ]は見目定め、麻疹は命定め。,疱瘡,疱瘡もはしかも、どちらも一生の一大事であるということ。
逞筆◆２,311,452,[ホウバイ]の笑み敵。,傍輩、朋輩,同僚同志は、表面は仲良く見えても、内心はねたみ合っているものだということ。
逞筆◆２,312,453,[ホウロク]千に槌一つ。,焙烙、炮烙,つまらぬ者がいくら集まっても、一人のすぐれた者にはかなわないということ。
逞筆◆２,313,454,帆掛け船に[ロ]を押す。,櫓、艪,力や勢いのあるものに、さらに力を加えて勢いをつけるたとえ。
逞筆◆２,314,455,疱瘡は見目定め、[ハシカ]は命定め。,麻疹,疱瘡もはしかも、どちらも一生の一大事であるということ。
逞筆◆２,315,456,後ろ坊主の前[スミカズラ]。,角鬘,後ろ姿はよくないが、前から見ると美しいこと。
逞筆◆２,316,457,松は二葉より[トウリョウ]の思いあり。,棟梁,将来大人物になるような人は、幼い時からすぐれた所があるということ。
逞筆◆２,317,458,[トウリョウ]の器。,棟梁,一国を支えるに足りる統治者。また、重い任務にたえうる人。
逞筆◆２,318,459,学びて厭わず教えて[ウ]まず。,倦,自分が学ぶことにも、人に教育することにも熱心であるということ。
逞筆◆２,319,460,懐に[マムシ]を養うが如し。,蝮,大変危険なことのたとえ。
逞筆◆２,320,461,味噌汁[コシラ]えて初産する。,拵,手抜かりなく用意周到に準備することのたとえ。
逞筆◆２,321,462,[ミノ]を披て火を救い、瀆を毀りて水を止む。,蓑、簑,災いをしずめようとして、かえって大きくするたとえ。
逞筆◆２,322,463,目を[ヨギ]れば忘れず。,過,聡明なさま。
逞筆◆２,323,464,猛火[リョウゲン]より甚だし。,燎原,大火事が激しく燃え盛って、手が付けられないようす。転じて、悪事がたちまち世の中に広まってしまうことのたとえ。
逞筆◆２,324,465,本木に勝る[ウラキ]無し。,末木,いろいろ取り換えてみたが、やはり、最初の相手が一番いいというたとえ。多く、男女の関係についていう。
逞筆◆２,325,466,山の事は[キコリ]に聞け。,樵夫、樵、蕘,何事もその道の専門家に聞くのが一番確かだということ。餅は餅屋。
逞筆◆２,326,467,[ユウブツ]人を移す。,尤物,すぐれてよいものは人の心を奪うということ。とくに美人について言う。
逞筆◆２,327,468,落月[オクリョウ]の想い。,屋梁,遠く離れた地にいる友を思いやる心のこと。
逞筆◆２,328,469,落落として[シンセイ]の相望むが如し。,晨星,同年代の仲間が死んだりして残り少なくなり、寂しくなること。
逞筆◆２,329,470,不屑の[キョウカイ]。,教誨、教戒、教誡,物事を教えるときに、相手の発奮を待って悟らせること。
逞筆◆２,330,471,理屈と[コウヤク]はどこへでもつく。,膏薬,理屈はつけようと思えば、どのようなことにももっともらしくつけられるということ。
逞筆◆２,331,472,目に秋毫の末を察すれば耳に[ライテイ]の声を聞かず。,雷霆,小さいことに気を取られていると、重大なことに気が付かないということ。
逞筆◆２,332,473,良驥の足を[ホダ]して責むるに千里の任を以てす。,絆,能力と才能のある者でも自由に活動できる条件を与えなくては要求するだけの業績をあげられるはずがないというたとえ。
逞筆◆２,333,474,[リョウチュウ]辛を忘る。,蓼虫,普通の人には嫌がられるものでも、平気な人もいて、人間の好みは様々だということ。
逞筆◆２,334,475,遼東の[イノコ]。,豕,見聞が狭いために、世の中では当たり前とされていることを、自分だけが知っていると思って得意になっていることのたとえ。ひとりよがり。
逞筆◆２,335,476,[リンキ]は女の七つ道具。,悋気,やきもちは女性の武器で、男性をあやつる絶好の手段になるということ。
逞筆◆２,336,477,瑠璃は[モロ]し。,脆,すぐれたもの、美しいものは、傷み壊れやすいたとえ。
逞筆◆２,337,478,[ロウガ]の喜び。,弄瓦,女子誕生の喜び。
逞筆◆２,338,479,[ロウショウ]の喜び。,弄璋,男子誕生の喜び。
逞筆◆２,339,480,老驥[レキ]に伏すとも志千里に在り。,櫪,英雄・豪傑は、年老いてもなお大志を持ち続けること。
逞筆◆２,340,481,[ロウボウ]珠を生ず。,老蚌,平凡な親がりっぱな子を生むことのたとえ。鳶が鷹を産む。
逞筆◆２,341,482,[ロザン]の真面目。,廬山,物事の真相や実際の姿のこと。
逞筆◆２,342,483,魯酒薄くして[カンタン]囲まる。,邯鄲,全く関係のないことが原因となって、思わぬ結果を生むこと。また、他人のために、思いがけない災いを受けること。
逞筆◆２,343,484,[ワイシ]の看戯。,矮子,見識のないこと。また、むやみに他に雷同することのたとえ。矮人の観場。
逞筆◆２,344,485,[モヤ]いを入れる。,舫,船が流れたり、動揺したりしないように他の船とつなぎ合わせたり、杭につなぎとめたりする。
逞筆◆２,345,486,[イヘン]三度絶つ。,韋編,書物を熟読することのたとえ。
逞筆◆２,346,487,禍福は[アザナ]える縄の如し。,糾、糺,幸福とわざわいは順繰りにやってくるということ。
逞筆◆２,347,488,[カンカ]に訴える。,干戈,武力で争いの解決をはかる。武力を使う。
逞筆◆２,348,489,[アジャリ]死して事欠けず。,阿闍梨,地位の高い人でも、実際の仕事をしていない人は、死んでもあまり大勢に影響がない。
逞筆◆２,349,490,[フンケイ]の朋友。,刎頸,刎頸の交わりで結ばれた友。親友。
逞筆◆２,350,491,利口の[マンジ]立て。,卍、卍字,いかにも上手に物を言うこと。
逞筆◆２,351,492,[センソ]の仁。,吮疽,大将が部下の兵士を手厚くいたわること。
逞筆◆２,352,493,一薫[イチユウ]十年なお臭あり。,一蕕,よいことはすぐ消え、悪いことはいつまでも残るということ。また、善人の勢力は衰え、悪人が栄えるたとえ。
逞筆◆２,353,494,酒の席には[チン]、猫、婆。,狆,楽しかるべき酒席で、興ざめなものとして忌み嫌うもの。
逞筆◆２,354,495,[カシャク]の鬼。,呵責,人の心を激しく責め立てるもののたとえ。
逞筆◆２,355,496,無病にして[シンギン]す。,呻吟,何事もないのに苦痛をうったえる。困ってもいないのに不平を訴えること。
逞筆◆２,356,497,[ランサイ]玉折を為すも蕭敷艾栄を作さじ。,蘭摧,つまらぬ人間として生き長らえるより潔く死ぬ方が本望であるということ。
逞筆◆２,357,498,骨髄[ナゲウ]つ。,擲、拋,一心になる。心を打ち込む。命がけになる。
逞筆◆２,358,499,[ヨクイ]の讒。,薏苡,身に覚えのないことで受ける讒言。特に、収賄しないのに、したとそしられること。
逞筆◆２,359,500,[テイソ]に免れず。,鼎俎,死ぬ運命にあることのたとえ。
逞筆◆２,360,501,楊弓場の[ロウガイ]。,癆咳、労咳,非常に細長いもののたとえ。
逞筆◆２,361,502,盈丈の尾を見て[シセキ]の軀にあらざるを知る。,咫尺,物事は一部を知れば全体が予測できる。
逞筆◆２,362,503,[カンゴリ]屋が商売は冷たい。,寒垢離,商売とはいえ冷たい。商売のきびしさをいうたとえ。
逞筆◆２,363,504,[コウガ]月に奔る。,姮娥,珍しい宝を盗んで逃げることのたとえ。
逞筆◆２,364,505,[キタイ]に瀕する。,危殆,非常に危険な状態になる。危険にさらされる。
逞筆◆２,365,506,独学にして友無きは[コロウ]にして寡聞。,孤陋,ひとりだけで学問し、啓発し合う学友がいないと、独断に陥りやすく、視野が狭くなる。
逞筆◆２,366,507,万一を[ギョウコウ]す。,僥倖、徼幸,万に一つもありえないような幸運を願う。
逞筆◆２,367,508,[フギョウ]天地に愧じず。,俯仰、俛仰,自分の心や行動は公明正大で、天に対しても、世間に対しても、まったくやましいところがない。
逞筆◆２,368,509,菩薩は実が入れば[ウツブ]く。,俯,稲はみのるにしたがって穂先を垂れる。人も内容のある人ほど頭が低く謙虚である。
逞筆◆２,369,510,朝日[センダン]乾森。,栴檀,朝日のさす東の方角に栴檀の木があり、北西に森があって風をさえぎっている家。
逞筆◆２,370,511,[アブミ]踏ん張る。,鐙,できるかぎり頑張る。せいぜい気張る。
逞筆◆２,371,512,雨垂れ[カイナ]を弾く。,腕,力と技にすぐれた人は、腕にふりかかる水滴をも弾くほどの勢いがある。
逞筆◆２,372,513,[イザ]っても三文。,躄、膝行,ちょっと外出しても、必ず費用がかかること。
逞筆◆２,373,514,五寸の鍵[カイコウ]を制す。,開闔,小さくてもその機能によって大きな全体を決定する重要点になり得ることのたとえ。また、大きいものだけがすぐれているのではないというたとえ。
逞筆◆２,374,515,[イッキク]の涙。,一掬,少しの涙。わずかな涙。また、両手ですくうほどのたくさんの涙。
逞筆◆２,375,516,社会の[ボクタク]。,木鐸,世の中を教導する人。新聞記者などを指していった。
逞筆◆２,376,517,[イラカ]破れて霧不断の香を焚く。,甍,隠棲した人間の住み家としてふさわしいさま。
逞筆◆２,377,518,[ウコン]の鉢巻き。,鬱金,気を回す。いろいろと推測する。あれこれと邪推したりする。気が回る。
逞筆◆２,378,519,牛が[イナナ]き馬が吼える。,嘶,物事のさかさまなことのたとえ。
逞筆◆２,379,520,[エビラ]を叩く。,箙,気勢をあげるさま。
逞筆◆２,380,521,煙焔天に[ミナギ]る。,漲,火災の盛んに燃え広がるさま。
逞筆◆２,381,522,[エンザン]に付す。,鉛槧,印刷して書物にする。
逞筆◆２,382,523,大船を動かす[ロベソ]は一尺に足らず。,櫓臍、艪臍,たとえ小さくても、大きな物を動かすに欠かせない存在があることのたとえ。また、小さな物でも大きな物を支配できることのたとえ。
逞筆◆２,383,524,[オコリ]が落ちる。,瘧、疥,瘧にかかったように物事に夢中になっていたのが、何かのはずみで急にさめる。
逞筆◆２,384,525,鯨に[モリ]。,銛,強大なものでも、一見小さく弱々しく見えるものによって制せられることがあるというたとえ。
逞筆◆２,385,526,お手が鳴るなら[チョウシ]と悟れ。,銚子,何事も機敏に要領よくふるまえ、気をきかせよ。
逞筆◆２,386,527,男が七度追い出すまでは[リョウジ]に出ぬもの。,聊爾,女は離縁を言い渡されても、それが七度になるまでは軽はずみに実家に戻らないものである。
逞筆◆２,387,528,[イスカ]の嘴。,鶍,物事がくいちがって、思いどおりにならないたとえ。
逞筆◆２,388,529,櫓を押して[カイ]は持たれぬ。,櫂,二つのことは同時にできないたとえ。
逞筆◆２,389,530,[ガイカ]を奏する。,凱歌,勝利を祝う歌をうたう。勝利の歓声をあげる。転じて、勝利を得る。
逞筆◆２,390,531,[イツボウ]相挿む。,鷸蚌,無益な争いをしていると、思わぬ第三者に乗ぜられて共倒れになることのたとえ。鷸蚌の争い。
逞筆◆２,391,532,[カササギ]の橋。,鵲,①七夕の夜、カササギが翼を並べて天の川に架け、牽牛星と織女星の逢瀬を助けるといわれる橋。②男女の仲をとりもつもののたとえ。
逞筆◆２,392,533,狆が[クシャミ]をしたよう。,嚔,滑稽で醜い顔つきのたとえ。
逞筆◆２,393,534,元日に[ハナヒ]るは長命の相。,嚔,元日にくしゃみをすると長生きをすると信じられていた。
逞筆◆２,394,535,髪結いの[チャセン]髪。,茶筅、茶筌,自分の技術が他人のためにだけ用いられ、自身にまで手が回らないことのたとえ。髪結い髪結わず。
逞筆◆２,395,536,木の実[カヤ]の実食べても。,榧,どんな苦労をしても。強い決意をあらわすことば。
逞筆◆２,396,537,心安ければ[ボウオク]も穏やかなり、性定まれば菜根香ばし。,茅屋,心が安らかであれば、粗末な柴の庵に住んでもまた楽しみがあり、心性が定まっていれば、たとえ質素な食べ物でもおいしいものである。
逞筆◆２,397,538,[カヤ]にも心置く。,茅、萱、茆,些細なことに対しても注意を怠らないことのたとえ。
逞筆◆２,398,539,東海の墓[ブシン]。,普請,手間ばかりかかって、はかどらないことのたとえ。
逞筆◆２,399,540,[ガンカ]に入る。,眼窩,目につく。目にとまる。
逞筆◆２,400,541,[カンチツ]綻ぶ。,巻帙,書物がほころびるほど、何度もくり返して読む。
逞筆◆２,401,542,開けた[ママ]なる雑言。,儘,言いたい放題に口をきく。
逞筆◆２,402,543,驥も[レキ]に伏す。,櫪,駿馬も老いるとむなしく厩につながれたままでいるが志は大きい。
逞筆◆２,403,544,[キキ]に触れる。,忌諱,目上の人の機嫌を損ねる。
逞筆◆２,404,545,聞く時は[キュウテイ]より重く、見て後は一毫より軽し。,九鼎,聞いていた時の話と、実際に見た時とではたいへんな違いがある。
逞筆◆２,405,546,聞く時は九鼎より重く、見て後は[イチゴウ]より軽し。,一毫,聞いていた時の話と、実際に見た時とではたいへんな違いがある。
逞筆◆２,406,547,[キクラゲ]の看板。,木耳,耳はあっても木耳のようなもので、聞く用をなさない。
逞筆◆２,407,548,過って謝るに[フル]うこと勿れ。,篩,過失を犯したらあれこれためらうことなくすぐにあやまれ。
逞筆◆２,408,549,[ツブテ]発句は誰もする。,礫、飛礫,付け句や連歌の作法を知らなくても、よみっぱなしの発句作りなら、誰にでもできる。
逞筆◆２,409,550,伽羅の仏に[ハク]を置く。,箔,よいものを、いっそうよくすることのたとえ。
逞筆◆２,410,551,[キュウカツ]を換う。,裘葛,冬服と夏服を着換える。夏と冬を経る。一年を経過する。
逞筆◆２,411,552,[キョウク]戦兢なる者は患いを除く所以なり。,恐懼,何事に対してもおそれつつしむ者には、わざわいのふりかかることはない。
逞筆◆２,412,553,[キョクジツ]昇天の勢い。,旭日,朝日が天に昇るように勢いの盛んなこと。
逞筆◆２,413,554,閻魔を抹香で[クス]べたよう。,燻,にがにがしい顔つき。ひどいしかめっつら。閻魔が塩を嘗めたよう。
逞筆◆２,414,555,[ケイガイ]を土木にす。,形骸,服装などを自然のままにして、少しも気にかけない。
逞筆◆２,415,556,長口上は[アクビ]の種。,欠伸、欠,長たらしいあいさつは、聞いている人を退屈させ、あくびを催させるだけだということ。あいさつは簡潔にせよという戒め。
逞筆◆２,416,557,[ケッショ]の門に馬繫ぐ。,闕所,自ら求めて、危険なところに近寄ることのたとえ。
逞筆◆２,417,558,螻蛄腹立つれば[ツグミ]喜ぶ。,鶫、鶇,餌としてつながれて怒っているケラを見て、鶫が喜んで寄ってくる。一方の怒るようなことが他方の喜びになるというような、利害の対立する関係のたとえ。
逞筆◆２,418,559,[キツツキ]の子は卵から頷く。,啄木鳥,生まれながらにして、将来を思わせる才能があることのたとえ。栴檀は二葉より芳し。
逞筆◆２,419,560,[ケリ]をつける。,鳧,結末をつける。しめくくる。
逞筆◆２,420,561,[ケンドン]屋の冷や飯。,慳貪,他人の世話で忙しく、自分の身のまわりまで気を配る余裕のないことのたとえ。医者の不養生。紺屋の白袴。
逞筆◆２,421,562,[ケンラン]の極、平淡に造る。,絢爛,文章を書き始める若いころは、やたらと華美な修飾を心がけるが、老成し、円熟した後は平淡な文を作るようになる。
逞筆◆２,422,563,恒沙の[ケンゾク]。,眷属、眷族,きわめて多くの同類や同族。
逞筆◆２,423,564,[コウリ]の歌。,蒿里,葬送のとき、柩の引き綱をとる者が歌った歌。挽歌。薤露。
逞筆◆２,424,565,国土を治むる賢皇は[カンカ]を侮ること勿れ。,鰥寡,国家を治める賢主は、妻や夫を失って身寄りのない老人を見下げて軽んじてはいけない。
逞筆◆２,425,566,虎口の[ザンゲン]。,讒言,窮地におとしいれられるような告げ口や、そしりごと。
逞筆◆２,426,567,心[コウコク]にあり。,鴻鵠,心がうわの空で、物事が頭に入らないことのたとえ。
逞筆◆２,427,568,[コシキ]に座するが如し。,甑,暑気のはなはだしいことのたとえ。
逞筆◆２,428,569,乞食の[ダチョウ]。,駝鳥、鴕,腰をかがめてへりくだるさま。
逞筆◆２,429,570,[コジリ]が詰まる。,鐺,刀のさやの先端が詰まって短くなる。転じて、抜き差しならない状態になる。借金などのために、経済的に動きがとれなくなる。首が回らない。
逞筆◆２,430,571,炬燵[ハイカイ]夏将棋。,俳諧、誹諧,季節に応じての趣味、たのしみをいう。また、趣味や嗜好の長続きしないことのたとえ。
逞筆◆２,431,572,言葉を[ツガ]う。,番,かたく約束する。
逞筆◆２,432,573,[コハク]は塵芥を取らず。,琥珀,どのような時にも身の潔白を保ち、信念を曲げないことのたとえ。
逞筆◆２,433,574,米搗き[バッタ]が礼に来たよう。,飛蝗、蝗虫,ぺこぺことむやみに頭をさげて相手にへつらうさま。
逞筆◆２,434,575,[コヨリ]の馬のよう。,紙縒、紙撚、紙捻,非常にやせているさまのたとえ。
逞筆◆２,435,576,[コンロ]に目鼻。,焜炉,四角い顔のたとえ。
逞筆◆２,436,577,[サイロウ]路に当たれり、いずくんぞ狐狸を問わん。,豺狼、犲狼,大悪人が政治の要路にいる場合、その下の子悪人よりも、まず大悪人を除かなければならないというたとえ。
逞筆◆２,437,578,提灯持ちが[ヌカルミ]へ入る。,泥濘、濘,他を導くつもりが、自分が先に失敗すること。また、人のお先棒をかついでいて失敗することのたとえ。
逞筆◆２,438,579,[ラッキョウ]の皮を剝くよう。,辣韮、辣韭、薤,あつかましいことのたとえ。また、額が広く、あごのあたりが細い、色白な顔のたとえ。
逞筆◆２,439,580,猿の[カクラン]。,霍乱、癨乱,顔を赤くして苦しんでいるさま。
逞筆◆２,440,581,乃公出でずんば[ソウセイ]を如何せん。,蒼生,この自分が出馬して行動しなければ、世の人民はどうなるであろうか。世に出ようとする者の気負いを表す言葉。
逞筆◆２,441,582,[ザンゼン]として頭角を現す。,嶄然,他にくらべてひときわすぐれている。才能が一段と抜きん出ている。
逞筆◆２,442,583,指の先で[サンバソウ]を踏ませる。,三番叟,人を自由にこき使うことのたとえ。
逞筆◆２,443,584,梓に[チリバ]む。,鏤,書物を版木に彫りつける。本を発行する。出版する。上梓する。
逞筆◆２,444,585,[ジクロ]相銜む。,舳艫,多くの船が連なって進むさま。
逞筆◆２,445,586,[シジ]の端書き。,榻,男の恋の熱烈さ、また、恋愛の思うようにならないことのたとえ。
逞筆◆２,446,587,[シチソウ]船のような面。,七艘,不景気な顔。浮かぬ顔。しかめっ面。
逞筆◆２,447,588,七年の病に三年の[モグサ]を求む。,艾,急場に臨んでからはどんなに良い方法をとっても効果はない、平生からの心がまえが大切だというたとえ。
逞筆◆２,448,589,七本[トウバ]になる。,塔婆,死ぬこと。
逞筆◆２,449,590,[シチョウ]輸卒が兵隊ならば、蝶蝶蜻蛉も鳥の内。,輜重,蝶やトンボに羽があるからといって鳥とはいえないように、輜重輸卒は兵隊の格好はしていても、前線で戦う兵士ではないから兵隊とはいえない。
逞筆◆２,450,591,[クジ]は三度。,籤、鬮,くじは一度引いただけでは本当のところはわからない。三度の神正直。
逞筆◆２,451,592,[シャクジョウ]が人を切ったよう。,錫杖,騒々しいさまのたとえ。
逞筆◆２,452,593,[シャクシャク]として余裕あり。,綽綽,ゆったりとしてゆとりのあるさま。余裕綽綽。
逞筆◆２,453,594,[シャコ]で鯛を釣る。,蝦蛄、青竜蝦,わずかの負担を元手にして多くの利益を得る。わずかな贈り物をして、多くの返礼を受けることのたとえ。
逞筆◆２,454,595,[ソウリョウ]の甚六。,総領、惣領,最初に生まれた子は甘やかされて大事に育てられるので、弟や妹に比べ、おっとりしておひとよしであるということ。
逞筆◆２,455,596,[シュウブン]雷を成す。,聚蚊,ごく小さなものでも数多く集まるとあなどれないものになるというたとえ。
逞筆◆２,456,597,[シュエイ]を争う。,輸贏,勝ち負けを競い争う。勝負を争う。
逞筆◆２,457,598,[ジュシ]ともに謀るに足らず。,竪子、孺子,あんな小僧と一緒に大事をはかることなどできない。
逞筆◆２,458,599,[シュス]の小袖に木綿裏。,繻子,小袖の表が高級な繻子で裏が粗末な木綿であるように、物事が不釣り合い、不似合いであること。
逞筆◆２,459,600,[ジュンサイ]で鰻繫ぐ。,蓴菜、蓴、茆,ばかばかしくてできないことのたとえ。
逞筆◆２,460,601,[シュンラン]秋菊倶に廃すべからず。,春蘭,いずれもすぐれていて甲乙がつけがたいことのたとえ。
逞筆◆２,461,602,[ヨウチョウ]たる淑女は君子の好逑。,窈窕,美しくて、たおやかな女子は、立派な君子の妻にふさわしい。
逞筆◆２,462,603,窈窕たる淑女は君子の[コウキュウ]。,好逑,美しくて、たおやかな女子は、立派な君子の妻にふさわしい。
逞筆◆２,463,604,[ノウショウ]を絞る。,脳漿,知恵の限りを尽くして考える。脳みそを絞る。知恵を絞る。
逞筆◆２,464,605,[ショウイ]未だ癒えず。,傷痍,打撃や失敗などの影響からまだ立ちなおれない。回復しない。
逞筆◆２,465,606,天道に[エコ]なし。,依怙,天道は公平でえこひいきがない。
逞筆◆２,466,607,奴は婢を見て[インギン]。,慇懃,身分の低い者は、同じような立場の者に親しみを感じるのが人情だというたとえ。
逞筆◆２,467,608,祭の延びた六月の[ツゴモリ]。,晦日、晦,気が抜けるさま。張り合いがなくなるさま。
逞筆◆２,468,609,虱紐の[エニシ]。,縁,夜鷹などの下級の街娼と契ること。
逞筆◆２,469,610,[シンイ]の炎。,瞋恚、嗔恚,他人に対する烈しいうらみや怒り。炎にたとえていう。
逞筆◆２,470,611,[ジンギ]釈教恋無常。,神祇,世態のさまざまであることのたとえ。
逞筆◆２,471,612,身上が[モツ]れる。,縺,経済状態が苦しくなる。倒産しそうになる。身上が痛む。
逞筆◆２,472,613,[シンチュウ]を磨く。,真鍮,若衆道で、両者が互いに真情を尽くして交わる。
逞筆◆２,473,614,針縷に順う者は[イバク]を成す。,帷幕,小さなものも集まればやがて大きなものになるというたとえ。
逞筆◆２,474,615,[シンボチ]太鼓。,新発意,人をだましてうまく物を取り上げること。
逞筆◆２,475,616,汁食い[カンキン]唐辛子熱湯順礼長左衛門。,看経,のんびりと長い物のたとえ。また、ばかばかしいこと、何の意味もないことのたとえ。
逞筆◆２,476,617,[モクシ]尽く裂く。,目眥,激怒のさま。
逞筆◆２,477,618,利物の[スイジャク]。,垂迹,仏菩薩が衆生を救うために、種々の姿をとって現われること。
逞筆◆２,478,619,大は棟梁と為し小は[スイカク]と為す。,榱桷,才能に応じてふさわしい場所に人を登用することのたとえ。適材適所。
逞筆◆２,479,620,晩学と雖も[セキガク]に昇る。,碩学,学問の習得は年齢にも学ぶ期間の長さにも関係ない。
逞筆◆２,480,621,[ヒタキ]は物貰い。,鶲,鶲が頭を下げて木の幹をつついて餌を手に入れること。転じて、各方面に頭を下げて物をもらい歩く人をいやしんでいう。
逞筆◆２,481,622,[トウテン]の勢い。,滔天,天までみなぎるほどの勢い。非常に盛んな勢い。
逞筆◆２,482,623,[キク]は方円の至りなり、聖人は人倫の至りなり。,規矩,規矩は正方形や円をあらわし示す時の基準となるものであり、聖人は人が人の道を行う上においてこの上もない手本となるものである。
逞筆◆２,483,624,[ロウギ]の誠。,螻蟻,自分の誠意をへりくだっていう。
逞筆◆２,484,625,[ブンゼイ]山を負う。,蚊蜹,力不足で重任に堪えられないことのたとえ。身に過ぎた重責を負うことのたとえ。
逞筆◆２,485,626,転んでから尻[ハショ]る。,端折,失敗してから気をつけても、もう手おくれであるというたとえ。
逞筆◆２,486,627,子持ち二人[ブチ]。,扶持,赤ん坊を世話する母親や妊婦は二人分食事をとること。また、子どものためにも栄養をとらなければならないこと。
逞筆◆２,487,628,[ヒキュウ]の節。,匪躬,自分の利害を顧みないで、忠節を尽くす事。
逞筆◆２,488,629,[トソ]は延年の仙薬。,屠蘇,正月に飲む屠蘇の酒は、長生きのための妙薬である。
逞筆◆２,489,630,[ロウゲツ]の扇子。,臘月,時期はずれで役に立たないもののたとえ。秋の扇。
逞筆◆２,490,631,[モウセン]を被る。,毛氈,①不首尾になる、失敗する。特に、主人や親の手前をしくじる。主家をお払い箱になる。②女郎買いをして金を使う。また、金がなくなる。
逞筆◆２,491,632,[セキトク]書疏は千里の面目。,尺牘,手紙の字が上手であると、はるかな遠方や後世までも自分の名誉が保たれる。
逞筆◆２,492,633,倉廩実ちて[レイギョ]空し。,囹圄、囹圉,食に満ち足りていれば人は罪を犯さない。食糧事情さえよければ、天下は平安である。
逞筆◆２,493,634,[ナガツボネ]の煤掃き。,長局,女たちが大勢集まってがやがや騒いでいることことのたとえ。
逞筆◆２,494,635,親、物に狂わば子は[ハヤ]すべし。,囃,親のする事が万が一道理に合わなくても、それを受けいれて考えるのが、子としての孝行のあり方である。
逞筆◆２,495,636,腸持ちのお大黒[コウガイワゲ]の尊像。,筓髷、筓鬟,妻帯僧を風刺することば。
逞筆◆２,496,637,[ゾウフ]を揉む。,臓腑,ひどく気を揉む。苦慮する。ひじょうに心配をするさま。
逞筆◆２,497,638,[トクサ]に兎。,木賊、砥草,絵によい取り合わせ。竹に雀。
逞筆◆２,498,639,親の欲目と他人の[ヒガメ]。,僻目,親を子を実際以上によく見ようとし、他人はまた実際よりも悪く見ようとする。
逞筆◆２,499,640,[ウルメ]と博打は一返し。,潤目,博打の損は、運さえよければ一度にとりもどせる。
逞筆◆２,500,641,火打ち箱に[エンショウ]入れて昼寝する。,煙硝、焰硝、塩硝,大変危険なことのたとえ。
逞筆◆２,501,642,[ホグ]れを取る。,解,相手の身構えのくずれたのにつけ入る。虚に乗ず。
逞筆◆２,502,643,[ムグラ]の宿。,葎,荒れた家や貧しい家。
逞筆◆２,503,644,根太に[コウヤク]。,膏薬,たちまちにつぶれるさま。
逞筆◆２,504,645,[ケイケイ]として孑立し、形影相弔う。,煢煢,寂しく一人ぼっちの生活をし、ただ自分の身と自分の影で互いに慰め合っている。
逞筆◆２,505,646,身体[ハップ]之を父母に受く。,髪膚,からだや髪も皮膚も、すべて父母からいただいたものである。これをあえてこわしたり傷つけたりしないのが孝行の始めである。孔子の教え。
逞筆◆２,506,647,[カイドウ]の雨を帯びたる風情。,海棠,美人がうちしおれているさま。
逞筆◆２,507,648,貧すれば[ドンス]の帯を売り。,緞子,生活に困窮すれば大切な緞子の帯まで売ることになる。貧すれば鈍する。
逞筆◆２,508,649,弓矢を包み[カンカ]を袋にす。,干戈,天下が太平になって武器を必要としなくなる。戦乱がおさまって世の中が平和になる。弓を弓袋にす。
逞筆◆２,509,650,尼や沙弥や茄子の[ヘタ]や。,蔕,こどもが人をからかい、馬鹿にしていうことば。
逞筆◆２,510,651,[ダイゴ]の上味翻じて毒薬となる。,醍醐,人のために好ましい物も程度や時期を誤れば、かえって害になることのたとえ。
逞筆◆２,511,652,[テラツツキ]の子は卵から頷く。,寺啄,生まれながらにして、将来を思わせる才能があることのたとえ。啄木鳥の子は卵から頷く。栴檀は二葉より芳し。
逞筆◆２,512,653,女は華丹の[ヨウチョウ]を乱すを悪む。,窈窕,化粧も度が過ぎると逆効果になるものである。
逞筆◆２,513,654,[ハキョウ]再び照らさず。,破鏡,一度失われたり壊れたりしたものは二度と元に戻ることはない。転じて、一度過ぎ去った時は再び帰らない。死んだ者はこの世に生き返らない。また、一度破れた男女の仲は決してもとにもどらないことのたとえ。覆水盆に返らず。
逞筆◆２,514,655,[ドンチョウ]芝居で花道が無い。,緞帳,鼻筋の通らない顔立ちの人。
逞筆◆２,515,656,[ヒョウタン]に釣り鐘。,瓢簞,比べものにならないもののたとえ。また、不釣り合いなもののたとえ。月と鼈。
逞筆◆２,516,657,[チョウチョウ]しきは恥じ易し。,喋喋,口数の多い者はその分だけ恥をかくことが多い。
逞筆◆２,517,658,産の苦は青竹をも[ヒシ]ぐ。,拉,出産の時の産婦のはげしい苦しみは、青竹をつかみ割るほどである。
逞筆◆２,518,659,夏の昼[ウドン]。,饂飩,時季に合ったごちそうのたとえ。
逞筆◆２,519,660,昼寝は[ハッサク]まで、火燵は亥の子から。,八朔,昼寝をするのは涼しくなる陰暦八月一日までで火燵開きは陰暦十月の亥の日以降にせよ。
逞筆◆２,520,661,百足[ゴコウ]の違い。,蜈蚣,言い方が違っても実質は同じである。
逞筆◆２,521,662,[チュウチョウ]の藤は松に離れて便り無し。,惆悵,かよわい女がたよりにしていた男に離れてなげき悲しむさま。
逞筆◆２,522,663,牖戸を[チュウビュウ]す。,綢繆,災難に備える努力をすることのたとえ。
逞筆◆２,523,664,[チョザイ]千年の寿も如かじ槿花一日の栄には。,樗材,無為無能で長生きするよりは、短くても立派な業績を残して終わる人生のほうがよいというたとえ。
逞筆◆２,524,665,飛鳥故郷を過ぐるや猶[テキチョク]徘徊す。,躑躅,故郷を懐う念の強いことをいう。
逞筆◆２,525,666,一言既に出ずれば[シバ]も追い難し。,駟馬,一度口から出たことばは、容易に取り返せない。ことばを慎むべきことのたとえ。
逞筆◆２,526,667,[インギン]を通じる。,慇懃,男女がひそかに情交を結ぶ。
逞筆◆２,527,668,母の[セッカン]より隣の人の扱いが痛い。,折檻,親は慈愛の心で子に接するのだが、他人は損得勘定で寄ってくるから真実味もなく冷たい。肉親の愛の深さをいうたとえ。親の打つ拳より他人の摩るが痛い。
逞筆◆２,528,669,祭が[ツカ]える。,閊,喧嘩の勢いがそがれる。喧嘩がとぎれる。
逞筆◆２,529,670,渡り[ヒヨドリ]に戻り鶫。,鵯,行くものもあれば帰るものもあって、種々様々であること。世はさまざまであることのたとえ。
逞筆◆２,530,671,[キヅマ]を合わせる。,気褄,相手の機嫌をとる。
逞筆◆２,531,672,[セキレイ]原に在り、兄弟難を急にす。,鶺鴒,兄弟は危難にあって互いに助け合うべきである。二羽がつれだっているセキレイを兄弟にたとえ、またそのせわしない動きを、兄弟が助け合うさまにたとえていう。
逞筆◆２,532,673,[タネフクベ]の底を叩く。,種瓢、種瓠、種匏,将来のことも考えず、また、将来をあきらめて、残すところなく使いはたす。すっかり使いきる。全部なくしてしまう。底をはたく。
逞筆◆２,533,674,大きに[メイテイ]の常灯明。,酩酊,大いに酒に酔っぱらったというむだ口。
逞筆◆２,534,675,[ヒサゲ]の水が湯となる。,提、提子,しっとの情がはげしく燃えるさま。胸の中が煮えかえるさまのたとえ。
逞筆◆２,535,676,[ビタサンモン]の値うちも無い。,鐚三文,全く価値がない。
逞筆◆２,536,677,鼎の[ケイチョウ]を問う。,軽重,権力者の実力を疑うこと。また、統治者を軽んじ、代わって天下を取ろうとするたとえ。
逞筆◆２,537,678,弁慶に[ナギナタ]。,薙刀、長刀、眉尖刀,強い弁慶に最も得意とする薙刀を持たせる。鬼に金棒。
逞筆◆２,538,679,飲みの[スクネ]。,宿禰,酒を飲むこと。
逞筆◆２,539,680,神は[ネギ]のはからい。,禰宜,神の意志は奉仕する人の扱いよう一つで、どのようにでもなる。
逞筆◆２,540,681,[イテキ]だも君有り。,夷狄,どんなところにも相応の人物がいるものだ。
逞筆◆２,541,682,[シッコシ]が無い。,尻腰,気構え、忍耐力がない。落ち着きがない。いくじがない。元気がない。力がない。力が入らない。
逞筆◆２,542,683,[メイテツ]身を保つ。,明哲,聡明で事理に詳しい人は危険を避けて身の安全を保つこと。また、賢く世に処して自分の地位を守ること。
逞筆◆２,543,684,[カショク]の典。,華燭,結婚式。
逞筆◆２,544,685,[ニンニク]の袈裟。,忍辱,忍辱の心。身を守る衣にたとえていう。転じて、僧侶が身にまとう袈裟のこと。
逞筆◆２,545,686,[カタジケナ]さに涙こぼるる。,忝、辱,神々しさに心をうたれ、思わず涙がこぼれるほどである。
逞筆◆２,546,687,[テンテン]の思い。,輾転、展転,輾転として思い悩むこと。とくに人を思い慕うこと。
逞筆◆２,547,688,はやりの[ハンテン]着ない者は馬鹿。,半纏、袢纏,時勢にひとりさからうのは愚かなことであるというたとえ。
逞筆◆２,548,689,[ランラン]として巌下の電の如し。,爛爛,眼光の鋭いことのたとえ。
逞筆◆２,549,690,[ロクロ]首の反吐。,轆轤、鈞,長い物事のたとえ。
逞筆◆２,550,691,盗人を捕らえて縄を[ナ]う。,綯,事が起こってからあわてて準備を始めても間に合わないことや、時機に遅れて用をなさないことのたとえ。また、準備を怠って行きあたりばったりに物事をすることにもいう。泥棒を見て縄を綯う。泥縄。
逞筆◆２,551,692,袴の[マチ]に雑魚たまる。,襠,ありえないこと。また、思いがけない幸運のたとえ。
逞筆◆２,552,693,色を見て枝を[タワ]む。,撓、橈,慎重に確かめてから事を行なうことのたとえ。枝を見て花を折る。
逞筆◆２,553,694,南瓜が[クサメ]する。,嚔,容貌の醜いさま。狆が嚔をしたよう。
逞筆◆２,554,695,[ロウガイ]病みの肉の落ちるよう。,癆咳、労咳,急にげっそりとやせるさま。
逞筆◆２,555,696,[セイセイ]たる多士文王以て寧し。,済済,威儀のととのった、りっぱな臣下が多かったので、文王は心やすらかに国を治めることができた。
逞筆◆２,556,697,年寄の言う事と牛の[シリガイ]は外れない。,鞦、紂、尻繫,経験を積んできた老人の意見は、尊重すべきだということ。
逞筆◆２,557,698,一木[タイカ]の崩るるを支うる能わず。,大廈,大勢が傾きかけている時には、一人の力ではどうすることもできない。
逞筆◆２,558,699,[シュセキ]は諸芸万能の上盛り。,手蹟、手跡,書道はいろいろの芸や才能の中で最も重要なものである。
逞筆◆２,559,700,文質[ヒンピン]として、然る後に君子なり。,彬彬,文は養って身に付けたもの、すなわち後天的な修養であり、質は天性の質朴誠実で飾り気のないものである。この両者が、いずれ劣らず立派に兼ね備わっていてこそ君子といえるのだ。
逞筆◆２,560,701,[ビワ]黄にして医者忙しく橘黄にして医者蔵る。,枇杷,夏は病人が多く出て、医者が繁盛し、冬には病人が少なくなって医者がひまになることをいう。
逞筆◆２,561,702,芸無し座頭の[ビワ]拵え。,琵琶,できもしない者、あるいは下手な者にかぎって、あれこれと道具の詮議をするというたとえ。下手の道具調べ。
逞筆◆２,562,703,喉を[ヤク]して背を拊つ。,扼、搤,前後から急所を攻めて、避ける道がないようにする。
逞筆◆２,563,704,夢は[ゴゾウ]の疲れ。,五臓,夢は五臓が疲れているために見るものだということ。
逞筆◆２,564,705,早いが[ショウガン]。,賞翫、賞玩,仕事の早いもの、時期の早いものがまず第一に珍重されること。
逞筆◆２,565,706,[キャラ]の仏に箔を置く。,伽羅,よいものを、いっそうよくすることのたとえ。
逞筆◆２,566,707,[ハック]の隙を過ぐるが如し。,白駒,年月がたつのが驚くほど早いことのたとえ。光陰矢の如し。
逞筆◆２,567,708,[ノロマ]が箱を食らう。,鈍間、野呂松,意気消沈したさまのたとえ。
逞筆◆２,568,709,切羽[ハバキ]する。,鎺,切羽と鎺がぴったりとつくところから、ひざづめで談判をする、掛け合う。
逞筆◆２,569,710,[ヨミジ]の障り。,黄泉路,冥土へ行く時の心がかり。成仏の妨げ。
逞筆◆２,570,711,石持の[ハンミョウ]。,斑猫,避けるべき、恐ろしいもののたとえ。
逞筆◆２,571,712,[トマト]が赤くなると医者が青くなる。,蕃茄,トマトの栄養価が高いことをいう。柚が黄色くなれば医者が青くなる。
逞筆◆２,572,713,[ラッコ]の皮。,猟虎、海獺、獺虎、海猟,ラッコの手ざわりのよい毛皮。転じて、上下だれに対しても従順な人、他人の言うままになる人のたとえ。
逞筆◆２,573,714,潮先の[イナ]で飛び上がっている。,鯔,潮のさしてくるとき、鯔が水面上によく飛び上がるように、突飛な行動をする者、思い上がっている者などにいうしゃれ。
逞筆◆２,574,715,[コトジ]に膠す。,琴柱、箏柱,変化に応じて融通のきかないたとえ。
逞筆◆２,575,716,[ヒデリ]に不作無し。,旱、魃,ひでりの年は干害もあるが、全体としては豊作であること。旱魃に飢饉無し。
逞筆◆２,576,717,[カンバツ]に飢饉なし。,旱魃、干魃,雨の多い年には収穫の全くないこともあるが、旱魃には多少の収穫がある。大雨より旱魃の方がましである。
逞筆◆２,577,718,礼に腰折れず、[キョウコウ]に筆費えず。,恐惶,礼儀はつくすべきである。
逞筆◆２,578,719,[ヒボウ]の木。,誹謗,天子の過失をしるす木。また、天子が自ら戒めて政治をすることのたとえ。
逞筆◆２,579,720,[ムビ]にも忘れない。,夢寐,眠っている間も忘れたことがない。片時も忘れない。
逞筆◆２,580,721,[カリョウ]頻伽の声。,迦陵,美しい声のたとえ。
逞筆◆２,581,722,迦陵[ビンガ]の声。,頻伽,美しい声のたとえ。
逞筆◆２,582,723,[ヒンバ]の貞。,牝馬,めす馬のように、忍耐強く従順で分をまもるという徳。
逞筆◆２,583,724,[ヒンセン]の知は忘るべからず。,貧賤,どんなに裕福になっても、まずしい時代に苦楽をともにした友人を忘れることなく、交友を大切にしなくてはならないということ。
逞筆◆２,584,725,明主は[イッピン]一笑愛しむ。,一顰、一嚬,すぐれた君主は、群臣に心の中を推し測られないよう、感情を軽々しく表に現さない。
逞筆◆２,585,726,憎いが余って[フビン]。,不憫、不愍,憎みつづけているうちに、かえって相手が気の毒に思えてくること。
逞筆◆２,586,727,師匠の[ハナ]負け。,端,最初は師匠が弟子に負けることもあるが、これは試みにやったもので、何度もやれば結局は師匠のほうが強い。
逞筆◆２,587,728,[フギョウ]の間。,俯仰、俛仰,わずかなあいだ。つかのま。
逞筆◆２,588,729,焼き[フ]の土左衛門。,麩,焼いて軽くなった麩が、水につかって土左衛門になればさぞかしよく浮くだろうというところから、すっかり浮かれきっているというしゃれ。
逞筆◆２,589,730,菜種から[カブラ]まで。,蕪菁、蕪、菁,どれもこれも。すべて。一から十まで。
逞筆◆２,590,731,[フギン]に立つ。,諷経,いっしょに事をなす、お相伴（ショウバン）をする。
逞筆◆２,591,732,[フクレキ]の志。,伏櫪,不遇にあっても抱き続ける高邁な志。
逞筆◆２,592,733,[フイゴ]の向こう面。,鞴、鑪、吹子,ふうふういうこと。苦しみながらやっとどうにかやっていること。転じて、相手をその表情からとぼけた間抜けな顔という悪態。また、口をとがらしてぶうぶういう意とも。
逞筆◆２,593,734,[ドテラ]三尺五分月代。,褞袍、縕袍,博徒や地廻りの風俗をいう。
逞筆◆２,594,735,五両で帯買うて三両で[ク]ける。,絎,本来の目的よりも、それに付随したことにかえって費用がかかることのたとえ。
逞筆◆２,595,736,気佳なるかな、鬱鬱[ソウソウ]たり。,葱葱,すばらしい雲気だ。まことに盛んに立ち込めている。光武帝誕生の前に、ある占師が発した予言。
逞筆◆２,596,737,老いの[ヒガミミ]。,僻耳,年を取って耳が遠くなり、聞き誤りが多いこと。また、ひがんで悪い意味に聞き取ること。
逞筆◆２,597,738,井底の[ア]。,蛙,視野や見識などが狭く小さいことのたとえ。
逞筆◆２,598,739,[ドバ]に鞭打つ。,駑馬,能力以上のことを無理に強要するたとえ。また、自分の努力をへりくだっていう言葉。
逞筆◆２,599,740,[ヨゼン]を保つ。,余喘,滅亡しそうなものが、かろうじて続いていることのたとえ。
逞筆◆２,600,741,[ミドリゴ]は水の泡。,嬰児、緑児,幼児の命のもろさを水の泡のはかなさにたとえていう。
逞筆◆２,601,742,貧乏な烏は盆に[カクラン]をする。,霍乱、癨乱,眼前の利を取ることができない不運な境遇のたとえ。
逞筆◆２,602,743,[タイカン]の雲霓を望むが若し。,大旱,好事の到来を熱望するたとえ。
逞筆◆２,603,744,[ボウショク]の願い。,望蜀,一つの望みをとげ、さらにその上を望むこと。飽くことのない願い。隴を得て蜀を望む。
逞筆◆２,604,745,[キッサキ]を折る。,鋩、鋒、鉾,出ばなをくじく。鋭鋒をくじく。
逞筆◆２,605,746,北門の[サヤク]。,鎖鑰,北方の守り。国の北部の守護。
逞筆◆２,606,747,孔席暖まらず、[ボクトツ]黔まず。,墨突,孔子と墨子は道を説いて東奔西走し、家におちつくことがなかったことをいう。
逞筆◆２,607,748,[チシャ]の葉の搔き取り。,萵苣,チシャの葉は、かき取っても次々に生えてくる。また、取っても次々に出てくるので、なくならないもののたとえ。
逞筆◆２,608,749,呪いは[ヒヨコ]の如くねぐらに舞い戻る。,雛,人をのろえば、そののろいはひよこがねぐらに帰るように自分の身の上にふりかかってくる。人を呪わば穴二つ。
逞筆◆２,609,750,遺愛寺の鐘は枕を[ソバダ]てて聴く。,欹,静かに何物にも煩わされない生活。また、悠々自適な生活を送ること。
逞筆◆２,610,751,[ヤリブスマ]を作る。,槍衾、鎗衾、鑓衾,衾のように、すき間なく一面に槍の穂先をそろえて突き出す。
逞筆◆２,611,752,枕を扇ぎ[フスマ]を温む。,衾,愛情を込めて親を養うたとえ。
逞筆◆２,612,753,当て[コテ]なしに左官はできぬ。,鏝、鐺,鏝がなければ壁塗りの左官の仕事ができないように、当て事（目的）を持たなくては何事もできない。
逞筆◆２,613,754,[ヌタ]の鉢の高名。,饅,うぬぼれ、高慢をいうたとえ。手前味噌。抜かぬ太刀の高名のもじり。
逞筆◆２,614,755,六大[ムゲ]の月。,無碍、無礙,清浄無垢で、一点のくもりもないことのたとえ。
逞筆◆２,615,756,[オコ]の高名せぬに如かず。,烏滸、痴、尾籠,ただ勇気を誇るだけのようなつまらないふるまいをして、名をあげようなどとはしないほうがよい。
逞筆◆２,616,757,妄りに与うるは物を[コウガク]に遺棄するに如かず。,溝壑,理由もなく人に物を与えるのは、どぶに棄てるよりもよくない。
逞筆◆２,617,758,[ヤタケ]にはやる。,弥猛,心がいよいよあせって勇み立つ。また、気がもめていらだつ。弥猛に思う。
逞筆◆２,618,759,[モクショウ]の間。,目睫,きわめて近いところ、また時間が迫っていることのたとえ。目前。
逞筆◆２,619,760,[エンモン]に降る。,轅門,戦いで、敵に降参する。軍門にくだる。
逞筆◆２,620,761,[ヨワ]の嵐。,夜半,①夜吹く嵐。②一夜のうちに桜を散らしてしまう嵐。無常の嵐。また、気づかないほんのしばらくの間に変化が起こることのたとえ。
逞筆◆２,621,762,草の[ユカリ]。,縁、所縁,ある一つの因縁によって、それにつながる他のものにも情愛を感じること。転じて、何らかの縁でつながるもの。紫のゆかり。草のたより。
逞筆◆２,622,763,座頭の[グミ]。,茱萸、胡頽子,相手が事情のわからないのにつけこんで、ひどいことをすること。
逞筆◆２,623,764,[シラン]の友。,芝蘭,よい感化をもたらす友人。よい友だち。
逞筆◆２,624,765,松蔭の[ナラ]の木。,楢、枹,大きさがはなはだしく違うことのたとえ。月とすっぽん。
逞筆◆２,625,766,鶴の[ハギ]も切るべからず。,脛、骭,ものにはそれぞれ本来の性質があるもので、無理に人為を加えてはならないという戒め。
逞筆◆２,626,767,愚かなる羊は[サイロウ]にその身を談ず。,豺狼、犲狼,相手の見分けもつかぬ愚かさのたとえ。
逞筆◆２,627,768,[ケンバ]の齢。,犬馬,イヌやウマのように取り立てて功績もなく、いたずらに年を取るたとえ。自分の年齢をへりくだっていう語。
逞筆◆２,628,769,[ケンバ]の労。,犬馬,主人や他人のために力を尽くすことをへりくだっていう語。
逞筆◆２,629,770,[ケンバ]の養い。,犬馬,親を養うに、イヌやウマを飼うように、ただ食べさせるだけで敬う気持ちのないたとえ。
逞筆◆２,630,771,[ケイコツ]の頭に蠅がたかる。,軽忽,そそっかしい者の頭には蠅さえたかってくる。
逞筆◆２,631,772,天人に[ヨウラク]取らしたような。,瓔珞,天人の瓔珞をとって身につけたかと思われるような、たいへんな美人。
逞筆◆２,632,773,[ソモソモ]から着きにけりまで。,抑、抑抑,最初から最後まで。
逞筆◆２,633,774,[ラクヨウ]の紙価を高める。,洛陽,ある著作や書物の評判が高くなること。また、評判となって盛んに売れ、広く読まれること。
逞筆◆２,634,775,[オチウド]は薄の穂にも怖じる。,落人,びくびくしている者は、何でもないものまで恐れることのたとえ。落ち武者は薄の穂に怖じる。
逞筆◆２,635,776,[ウロン]の沙汰。,胡乱,怪しく、疑わしいという評判やうわさ。
逞筆◆２,636,777,[ルイラン]の危うき。,累卵,非常に不安定で危ういことのたとえ。
逞筆◆２,637,778,[ランカン]に共に倚ると雖も山色を看ること同じからず。,欄干、欄杆、欄桿、闌干,人によって見方、考え方の異なることのたとえ。
逞筆◆２,638,779,鹿の[シガラミ]。,柵,萩の異名。
逞筆◆２,639,780,[リリョウ]頷下の珠。,驪竜,危険を冒さなければ得られないもののたとえ。
逞筆◆２,640,781,竿竹で星を[カ]つ。,搗,①不可能なことをする愚かさのたとえ。②思うようにいかないもどかしさのたとえ。
逞筆◆２,641,782,真竜も勢いを失えば[キュウイン]に同じ。,蚯蚓,傑出した人物も勢いを失うと平凡な人と同じに見えてくるというたとえ。
逞筆◆２,642,783,安い[ハタゴ]のよき馳走。,旅籠,相手の示す好意の裏に何かたくらみがありそうで、気味が悪く油断ができないことのたとえ。
逞筆◆２,643,784,[キュウチョウ]懐に入れば猟師も殺さず。,窮鳥,追いつめられた人が助けを求めてくれば、これを見捨てないのが人の道であるということ。
逞筆◆２,644,785,渡り鵯に戻り[ツグミ]。,鶫、鶇,行くものもあれば帰るものもあって、種々様々であること。世はさまざまであることのたとえ。
逞筆◆２,645,786,擦ったの[モジ]ったの。,捩,なんのかのと言うさま。あれやこれやと自分勝手な言い分を言いたてるさま。
逞筆◆２,646,787,腹の皮を[ヨジ]る。,捩,おかしさに、腹の皮がよじれるほど大笑いをする。おかしくてたまらないさま。
逞筆◆２,647,788,[アカザ]の杖をつく。,藜,あぶなっかしく転びやすいこと。物事に失敗しがちなこと。また、老人。
逞筆◆２,648,789,備後表に[コウライベリ]。,高麗縁,備後産の畳表に高麗縁をつけたもの。畳の最高品をいう。
逞筆◆２,649,790,[ハモ]も一期、海老も一期。,鱧,人の一生は、境遇の違いや賢愚の差があっても、たいてい同じようなものであるというたとえ。
逞筆◆２,650,791,[ロウチョウ]雲を恋う。,籠鳥,拘束されている者が自由な境遇をうらやむことのたとえ。また、離れた故郷を恋しく思うことのたとえ。
逞筆◆２,651,792,飢寒身に至る時は[レンチ]を顧みず。,廉恥,飢えや寒さが人間を破廉恥なものにしてしまう。
逞筆◆２,652,793,[ニシン]と筍。,鰊、鯡,料理の相性がいいもの。仲がいいこと、気が合うことのたとえ。
逞筆◆２,653,794,[トモ]が回る。,舳、艫,物事に応じてとっさに頭がはたらく、気がきく。手まわしがよい。
逞筆◆２,654,795,[ハクロ]は塵土の穢れを禁ぜず。,白鷺,清廉潔白な人物は、どんなに悪い地位や境遇にいても、自分の生き方や信念をまげないというたとえ。
逞筆◆２,655,796,狐憑きに[ウイロウ]を飲ます。,外郎,口数の多いことのたとえ。
逞筆◆２,656,797,割った茶碗を[ツ]いでみる。,接,とりかえしがつかないと知りながら、なお未練を残すさまのたとえ。
逞筆◆２,657,798,高名の[ウデマク]り。,腕捲,さほど実力もないのに、うぬぼれて強がること。
逞筆◆２,658,799,魂を失い[ハク]を落とす。,魄,ひどく驚き、あわてふためく。また、精神が不安定で奇怪な行動をすること。
逞筆◆２,659,800,[ケン]を旋らし坤を転ず。,乾,国の政局を一新すること。
逞筆◆２,660,801,乾を旋らし[コン]を転ず。,坤,国の政局を一新すること。
逞筆◆２,661,802,君を視ること[エキキ]に如かず。,奕棋、奕棊,臣下がみだりに君主を廃立するのは、君主を囲碁ほどにも見ていないことだという意。
逞筆◆２,662,803,[リ]を探って珠を獲。,驪,危険を冒して大きな利益を得るたとえ。また、要領を得た素晴らしい文章を作ることのたとえとしても用いる。
逞筆◆２,663,804,[チュウセキ]の夜。,疇昔,昨夜。ゆうべ。
逞筆◆２,664,805,幽明を[チュッチョク]す。,黜陟,正しい基準に従って人材を評価すること。
逞筆◆２,665,806,[チョレキ]の材。,樗櫟,役に立たない人やもの。自己の謙称。
逞筆◆２,666,807,[ケイガイ]の知己。,傾蓋,少し語り合っただけなのに、古くからの友人のように打ち解けて親しくなるたとえ。また、そのような仲。
逞筆◆２,667,808,[カンカ]を倒載す。,干戈,戦いがすんで平和になったことの形容。
逞筆◆２,668,809,[トウロウ]の衛。,蟷螂、螳螂,微弱な兵力・兵備のたとえ。
逞筆◆２,669,810,[トコク]の禄。,斗斛,わずかな俸禄。
逞筆◆２,670,811,[ニクタン]して羊を牽く。,肉袒,降伏して臣下となることを請い願うこと。
逞筆◆２,671,812,轅に[スガ]りて轍に臥す。,攀、縋,立派な人の留任を希望して引き留めること。
逞筆◆２,672,813,竜に[ヨ]じ驥に附く。,攀,すぐれた人物に仕えることによって、自分も出世すること。
逞筆◆２,673,814,竜に攀じ[キ]に附く。,驥,すぐれた人物に仕えることによって、自分も出世すること。
逞筆◆２,674,815,肥馬に乗り、[ケイキュウ]を衣る。,軽裘,たいそう富貴なさま。また、富貴な人の外出のよそおい。
逞筆◆２,675,816,[フキ]の才。,不羈,何事にも拘束されないのびのびした才能。学才がすぐれていることをいう。非凡の才。
逞筆◆２,676,817,[ブンシ]、牛を咬む。,蚊子,痛くもかゆくもないこと。また、自分の実力をわきまえずに行動すること。
逞筆◆２,677,818,[ヘンチ]の労。,腁胝,大変な骨折り。
逞筆◆２,678,819,旁らより時に[セイチュウ]す。,掣肘,他人の仕事にわきから口を出して邪魔をすること。
逞筆◆２,679,820,[テッケン]を磨穿す。,鉄硯,猛烈に勉強すること。
逞筆◆２,680,821,頂を摩して[クビス]に放る。,踵、踝、跟,自分の身を犠牲にして、他人のために尽くすこと。※放る（いた-る）。
逞筆◆２,681,822,[ヨウキュウ]、釣を垂る。,羊裘,隠者の姿をいう。
逞筆◆２,682,823,[リンロウ]、目に満つ。,琳琅,美しもの、すばらしいものが満ち溢れていること。
逞筆◆２,683,824,[ロ]鳴き犬吠ゆ。,驢,拙劣でつまらない文章や聞くに値しない話のたとえ。
逞筆◆２,684,825,[イツヤ]の覧。,乙夜,天子が書物を読むこと。
逞筆◆２,685,826,[サツビラ]を切る。,札片、札枚,惜しげもなく金を使う。
逞筆◆２,686,827,肩を[ソビ]やかす。,聳、竦,肩を高くたてて、威勢を示す。高ぶった態度をとるさまに言う。肩を怒らす。
逞筆◆２,687,828,三寸の[クサビ]。,楔、轄,物事のかなめをたとえていう言葉。
逞筆◆２,688,829,[カマド]を分ける。,竈、爨,分家させる。世帯を別にする。
逞筆◆２,689,830,[オオナタ]を振るう。,大鉈、大屶,人員や経費などを大胆に処理する。
逞筆◆２,690,831,[トシュ]なお辞せず。,斗酒,大酒を飲む。
逞筆◆２,691,832,[カブリ]を振る。,頭,否定の意思表示をする。
逞筆◆２,692,833,切なくなれば[ウズラ]も木へ登る。,鶉,苦しくなって、せっぱつまればふつうではできない事でもするものだ。
逞筆◆２,693,834,三人寄れば[クガイ]。,公界,人が三人集まれば、そこはもう公的な場所となる。三人で話したり行ったりしたことの秘密はもれるものと思ったほうがよい。
逞筆◆２,694,835,積水を[センジン]の谿に決す。,千仞、千尋,勢いがすさまじいさまのたとえ。
逞筆◆２,695,836,[クレ]は桶屋の棚にあり。,榑,人から物をくれと言われたときに、まぜかえしていう憎まれ口。
逞筆◆２,696,837,羹に懲りて[ナマス]を吹く。,膾、鱠、齏,一度の失敗にこりて、必要以上に用心することのたとえ。
逞筆◆２,697,838,泥鰌汁に[キンツバ]。,金鍔、金鐔,食い合わせが悪いとされる。
逞筆◆２,698,839,行い、[イヤシク]も合わず。,苟,道義の為には、必ずしも無理に人に容れられようとは求めない。
逞筆◆２,699,840,[セイカ]丹田に力を入れる。,臍下,どっしり落ち着く、度胸を据える。臍の下三寸余りの臍下丹田に気力を集めれば、健康を保ち勇気が生じるといわれる。
逞筆◆２,700,841,師の処る所[ケイキョク]生ず。,荊棘,戦争が長続きすれば、田畑は荒れたままになる。
逞筆◆２,701,842,空き家で声[カ]らす。,嗄,骨を折っても人に認められない。むだ骨を折る。
逞筆◆２,702,843,真金は[メッキ]せず。,鍍、鍍金,人の真才あるものは、うわべを飾るに及ばぬ。
逞筆◆２,703,844,周公[キョウク]す流言の日、王莽謙恭す未だ篡せざるの時。,恐懼,人の真偽は軽々しく批評することはできない。
逞筆◆２,704,845,[ユハズ]の調。,弭、弓弭、弓筈,上代、男子のみつぎもの。
逞筆◆２,705,846,六宮の[フンタイ]顔色なし。,粉黛,楊貴妃の比類ない美しさ。
逞筆◆３,1,847,一斑を見て[ゼンピョウ]を卜す。,全豹,物事のごく一部からその全体を推し量るたとえ。
逞筆◆３,2,848,[イツ]を以て労を待つ。,佚、逸,十分に休息して英気を養い、遠方から攻めて来る疲れきった敵を迎え討つ意で、孫子の説いた必勝法。
逞筆◆３,3,849,魚を得て[セン]を忘る。,筌,目的を達するとそれまで役に立ったものを忘れてしまうたとえ。
逞筆◆３,4,850,[ウジャク]の智。,烏鵲,遠い先のことばかり心配して身近な危険を考えないこと。
逞筆◆３,5,851,[ウチョク]の計。,迂直,遠回りのようだが、実際には最も効果的な手段のこと。
逞筆◆３,6,852,[カイアン]の夢。,槐安,南柯の夢。人生のはかないことのたとえ。
逞筆◆３,7,853,[ガイダ]珠を成す。,咳唾,権勢が盛んでその言葉が尊ばれること。また、詩文の才が豊かでその言葉が美しいこと。
逞筆◆３,8,854,[ガクキュウ]大鵬を笑う。,鷽鳩,つまらない者には大人物の志がわからないたとえ。
逞筆◆３,9,855,[キソク]を展ばす。,驥足,すぐれた人がその才能や能力を十分に発揮すること。
逞筆◆３,10,856,[キュウ]を負う。,笈,勉学のため、故郷から他郷に行くこと。他郷に遊学すること。
逞筆◆３,11,857,[ギヨウ]に堪えず。,伎癢、技癢,技能のすぐれた者が、腕前を見せたくてむずむずすること。
逞筆◆３,12,858,[キョウボク]は風に折らる。,喬木,他に抜きんでる者はとかく人からねたみや恨みを受けて、非難や中傷をされやすいたとえ。また、人の上に立つ者は非難や中傷を受けやすいたとえ。
逞筆◆３,13,859,[キリン]の躓き。,騏驎,どんなにすぐれた人でも、時には失敗やまちがいがあるたとえ。
逞筆◆３,14,860,[キリン]も老いては駑馬に劣る。,騏驎,どんなにすぐれた人でも年をとれば能力が衰えて、凡人には及ばなくなるたとえ。
逞筆◆３,15,861,[コウガク]を塡む。,溝壑,命を失うこと。のたれ死にをすること。
逞筆◆３,16,862,巧詐は[セッセイ]に如かず。,拙誠,うまくごまかすよりはつたなくても誠意のあるほうがよい。
逞筆◆３,17,863,[コウリョウ]雲雨を得。,蛟竜,英雄や豪傑が時を得て大いに活躍するたとえ。
逞筆◆３,18,864,[コウリョウ]悔い有り。,亢竜,物事は頂点を極めてしまうと必ず衰えるたとえ。
逞筆◆３,19,865,[ココウ]の臣。,股肱,君主の手足となって働く、最も頼りにしている家来。腹心の部下。
逞筆◆３,20,866,[ジジョ]の交わり。,爾汝,互いに相手を呼び捨てで呼び合えるほど親しい関係。
逞筆◆３,21,867,[シ]も舌に及ばず。,駟,一度口にしたことは取り返しがつかないものであり、口は慎むべきであるというたとえ。
逞筆◆３,22,868,[ショウショウ]の憂え。,蕭牆,身近な心配事。内輪の争い。また、内乱のこと。
逞筆◆３,23,869,善行は[テッセキ]無し。,轍迹,真の善行は、人の目立たないものであることのたとえ。
逞筆◆３,24,870,[ソウソウ]の変。,滄桑,桑畑が青海原と変わり、大海が干上がって桑畑となるような世の中の激しい変化や時勢の目まぐるしい変動。
逞筆◆３,25,871,大行は[サイキン]を顧みず。,細謹,大事業をなし遂げるためには、小さな事柄や欠点にこだわらない。
逞筆◆３,26,872,[チョッカン]は一番槍より難し。,直諫,直諫は、戦場での一番槍よりも勇気がいるものだということ。
逞筆◆３,27,873,鶴[キュウコウ]に鳴き声天に聞こゆ。,九皐,すぐれた人物は、隠れていてもその名声が遠くまで知れ渡ることのたとえ。
逞筆◆３,28,874,[テップ]の急。,轍鮒,危険や災難が差し迫っていることのたとえ。
逞筆◆３,29,875,[デデムシ]が日和を知る。,蝸牛,自分の身分や立場をわきまえないで振る舞うことのたとえ。
逞筆◆３,30,876,天機[セツロウ]すべからず。,洩漏,重大な秘密は絶対に人にもらしてはならない。
逞筆◆３,31,877,[トショ]の羊。,屠所,死が目前に迫っているもののたとえ。
逞筆◆３,32,878,[ハクガ]琴を破る。,伯牙,自分のよき理解者の死を悼むたとえ。
逞筆◆３,33,879,[べツ]人を食わんとして却って人に食わる。,鼈,おろかな者が他人に危害を加えようとして、かえって自分がひどい目に遭うということのたとえ。
逞筆◆３,34,880,[モッコウ]にして冠す。,沐猴,服装などがりっぱでも、実質は野卑で粗暴な人のたとえ。
逞筆◆３,35,881,病は[ショウユ]に加わる。,少愈,病気は、少し治りかけたころ、つい油断して治療を怠り、悪化させることがある。また、災いはちょっとした油断から起こるたとえ。
逞筆◆３,36,882,山に躓かずして[テツ]に躓く。,垤,大事には注意を払うため失敗しないが、小事には油断をして失敗することが多いたとえ。
逞筆◆３,37,883,幽谷を出でて[キョウボク]に遷る。,喬木,学問が進み知識を得て、人格が高まるたとえ。また、出世するたとえ。
逞筆◆３,38,884,門を開きて盗みに[ユウ]す。,揖,自分から進んで災難を招くこと。
逞筆◆３,39,885,両葉去らずんば[フカ]を用うるに至る。,斧柯,悪事や災いは小さなうちに取り除いておかないと、あとで面倒なことになるということのたとえ。
逞筆◆３,40,886,[レイコウ]を食らう者は大牢の滋味を知らず。,藜羹,いやしい人間には、高尚で奥深いことは理解できないということのたとえ。
逞筆◆３,41,887,[レイスイ]の交わり。,醴水,甘酒のような交わりと、水のような交わり。君子の交わりは水のように淡白であるがいつまでも変わることがなく、小人の交わりは甘酒のように甘く濃厚であるがすぐ飽きてしまうということ。
逞筆◆３,42,888,老牛[トク]を舐る。,犢,親が子どもを深く愛することのたとえ。
逞筆◆３,43,889,[ロセイ]の夢。,盧生,人の世の栄華がはかないたとえ。邯鄲の夢。
逞筆◆３,44,890,挙ぐることは[コウモウ]の如く、取ることは拾遺の如し。,鴻毛,軽い羽毛を持ち上げたり、落ちているものを拾い上げたりするように、たやすいということ。
逞筆◆３,45,891,奔車の上に仲尼無く、[フクシュウ]の下に伯夷無し。,覆舟,聖人や賢者は、危うい国家の下に身は置かないということのたとえ。
逞筆◆３,46,892,[クドウ]を行く者は至らず。,衢道,いろいろなことに手を出す者は、結局大成しないということ。
逞筆◆３,47,893,性は猶[キリュウ]の如し。,杞柳,本来善でも悪でもない人の本性を、よいほうに曲げて形作るのはその人の後天的な努力による。
逞筆◆３,48,894,考えと[ソクイ]は練る程良い。,続飯,よく練った続飯がよいように、考えも練るほどよい。
逞筆◆３,49,895,[キンユ]瑕を匿す。,瑾瑜,すぐれた才のある立派な人物でも小さな弱点くらいあるもので、大した問題にはならないということのたとえ。
逞筆◆３,50,896,海は[スイロウ]を譲らず、以て其の大を成す。,水潦,海はほんの水たまり程度のわずかの水でも、拒まず集めるものである。転じて小さなものといえども、すべてを吸収して大成する。
逞筆◆３,51,897,[ケイショウ]は歳寒に彰れ、貞臣は国危に見る。,勁松,国が危機にみまわれた時に真の忠臣があらわれでてくる。
逞筆◆３,52,898,修身[セイカ]治国平天下。,斉家,まず身を修め、それを家庭に及ぼして家をととのえ、その後に国を治めて天下を平和に保つこと。儒教で、政治家の理念を説いた語。
逞筆◆３,53,899,[ブンゼイ]膚を咬み虎狼肉を食らう。,蚊蜹,力量にあった成果しか得られない。
逞筆◆３,54,900,雲は無心にして[シュウ]をいず。,岫,自然に従い、何物にも束縛されず、悠々と心静かに生活することのたとえ。
逞筆◆３,55,901,[セキレキ]になれて玉淵をうかがわず。,磧礫,つまらぬものに慣れてしまい、本当にすばらしいものを見ようとしないことのたとえ。
逞筆◆３,56,902,[テッショ]を磨く。,鉄杵,根気よく一つの事に励むたとえ。
逞筆◆３,57,903,[ハンカン]苦肉の策。,反間,自分を犠牲にして相手を欺き、敵どうしの仲をさくような計略。
逞筆◆３,58,904,[シュヒ]終に外に向かって曲げず。,手臂,正しい道理は、曲げられることがないというたとえ。
逞筆◆３,59,905,[キケン]を被って稚児を威す。,鬼瞼,地位、勢力をたのんで人をおどすたとえ。また、虚勢をはって後進の者をおどすたとえ。
逞筆◆３,60,906,若し薬[メイゲン]せざればその疾癒えず。,瞑眩,忠言・忠告をするにしてもそれによって相手がはげしい反応を起こすほどのものでなければその非は直らないものだ。
逞筆◆３,61,907,[シュクスイ]の歓。,菽水,貧しい生活を送りながらも孝養に励んで、親を喜ばせること。
逞筆◆３,62,908,[カイラン]を既倒に反す。,回瀾、廻瀾,勢力のおとろえたのを挽回する。
逞筆◆３,63,909,[カコウ]有りと雖も食らわずんばその旨きを知らず。,嘉肴,聖人のすぐれた道も学ばなければそのよさを知ることはできないたとえ。また、すぐれた人物も、用いてみなければその器量を知ることはできないたとえ。
逞筆◆３,64,910,[キッチュウ]の楽しみ。,橘中,囲碁や将棋をする楽しみ。
逞筆◆３,65,911,昨日の[ツヅレ]、今日の錦。,襤褸,世の栄枯盛衰の激しいたとえ。
逞筆◆３,66,912,[ジュウバ]を殺して狐狸を求む。,戎馬,小さな利益をあげるために、かえって大きな損失をこうむるたとえ。人間は時に物事の本質を見極められず、大事なものを失うことへの戒め。
逞筆◆３,67,913,[ショリ]の嘆。,黍離,国の滅亡を嘆き悲しむこと。
逞筆◆３,68,914,[シラン]の室に入るが如し。,芝蘭,徳のある人とつきあううちに自然と感化されるたとえ。
逞筆◆３,69,915,[シラン]の化。,芝蘭,徳の高い人とつきあうことによって、いつの間にかその美しい徳から感化されること。
逞筆◆３,70,916,[セキヒン]洗うが如し。,赤貧,金も物もまったくない、極端な貧乏ぐらしの形容。
逞筆◆３,71,917,[セキヘキ]宝に非ず、寸陰是競う。,尺璧,大きな宝玉よりも、時間のほうが貴重であるという戒め。
逞筆◆３,72,918,[セッキ]骨を銷す。,積毀,悪口も積み重なると、ついには硬い骨も溶かしてしまう。多くの人の言うことの恐ろしさをたとえたもの。
逞筆◆３,73,919,積毀骨を[ショウ]す。,銷,悪口も積み重なると、ついには硬い骨も溶かしてしまう。多くの人の言うことの恐ろしさをたとえたもの。
逞筆◆３,74,920,千里の馬は常に有れども[ハクラク]は常に有らず。,伯楽,有能な人はいくらでもいるが、それを見いだして力を発揮させる人はなかなかいないというたとえ。
逞筆◆３,75,921,[ソウジョウ]の仁。,宋襄,無用なあわれみをかけ、不利益をこうむること。愚かな恩情のたとえ。
逞筆◆３,76,922,[ソウシン]人を殺す。,曽参,うそも度重ねて言われると、ついにはそれを信じるようになるというたとえ。
逞筆◆３,77,923,大声、[リジ]に入らず。,里耳、俚耳,あまりに高尚な道理は、俗人にはなかなか理解されない。
逞筆◆３,78,924,[チョウベン]馬腹に及ばず。,長鞭,いかに力があっても、なお及ばないところがあるたとえ。
逞筆◆３,79,925,[チョウモン]の一針。,頂門,人の急所を鋭くつく戒めのたとえ。
逞筆◆３,80,926,土に[キュウ]。,灸,いくら努力しても効果がないこと。無駄なことのたとえ。糠に釘。
逞筆◆３,81,927,[デンソ]化して鶉となる。,田鼠,陰暦三月のこと。ウズラが麦畑などでしきりに鳴くのどかな春の季節感を表した言葉。
逞筆◆３,82,928,生涯は[テンポウ]に似たり。,転蓬,志成らず、ついに一生涯は風のまにまに転がっていく、根を離れた蓬の玉のようなものである。
逞筆◆３,83,929,[バクシュウ]の嘆。,麦秀,国の滅亡を嘆き悲しむこと。
逞筆◆３,84,930,[ハクラク]の一顧。,伯楽,不遇だった者が有力者によって引き立てられるたとえ。
逞筆◆３,85,931,万緑[ソウチュウ]紅一点。,叢中,多くの男性のなかに、女性がただ一人いることのたとえ。また、多くのもののなかに、一つだけすぐれたものが存在するたとえ。
逞筆◆３,86,932,飛脚に三里の[キュウ]。,灸,勢いのある者に、さらに勢いが加わることのたとえ。走り馬に鞭。
逞筆◆３,87,933,[フイ]の友。,布衣,地位身分や貧富などのちがいを越えてつきあう友人のこと。
逞筆◆３,88,934,[フシン]の憂い。,負薪,自分が病気であることを遠回しにいう言い方。
逞筆◆３,89,935,面に[ダ]せば自ら乾く。,唾,他人に侮辱されてもじっと耐えて、不満を示さない忍耐力が大切であることのたとえ。
逞筆◆３,90,936,夜行くに[シュウ]を被る。,繡,功名を立てても、故郷へ帰らなければだれも認めてくれないたとえ。
逞筆◆３,91,937,[リョオウ]の枕。,呂翁,人の世の栄華がはかないたとえ。邯鄲の夢。
逞筆◆３,92,938,藜羹を食らう者は[タイロウ]の滋味を知らず。,太牢、大牢,いやしい人間には、高尚で奥深いことは理解できないということのたとえ。
逞筆◆３,93,939,[アメウシ]に腹突かれる。,黄牛,軽く見ていた相手にやり込められることのたとえ。
逞筆◆３,94,940,[オクロウ]に愧じず。,屋漏,たとえ人が見ていないところでも、恥ずかしい行いをしないこと。
逞筆◆３,95,941,[ウツバリ]の塵を動かす。,梁,歌声のすばらしいたとえ。また、音楽の巧みなたとえ。
逞筆◆３,96,942,[リョウジン]を動かす。,梁塵,歌声のすぐれていること。音楽にすぐれていることのたとえ。
逞筆◆３,97,943,[イキン]の栄。,衣錦,成功して故郷に錦を飾る栄誉。
逞筆◆３,98,944,[イコウ]鶴を好む。,懿公,大切にすべき者を軽視してつまらぬ者を大切にし、身を滅ぼすことのたとえ。
逞筆◆３,99,945,[イチエイ]眼があれば空華乱墜す。,一翳,一点の理に対するとらわれから無数の迷いが生じるというたとえ。
逞筆◆３,100,946,[ゴドウ]角を断つ。,梧桐,柔よく剛に勝つたとえ。
逞筆◆３,101,947,一家を[キチョ]す。,機杼,工夫をこらして独自の文体や表現法を確立し、一派をおこすこと。
逞筆◆３,102,948,[イッチュウ]を輸す。,一籌,わずかな差で負けることのたとえ。また、一歩遅れること。やや劣ることのたとえ。
逞筆◆３,103,949,[イッピ]の労。,一臂,わずかな労力。少しの骨折り。
逞筆◆３,104,950,[イツビ]の言。,溢美,度を越したほめ過ぎの言葉。
逞筆◆３,105,951,[イトン]の富。,猗頓,巨万の富、莫大な財産のこと。
逞筆◆３,106,952,衣は[ハク]を重ねず。,帛,質素なこと。倹約すること。
逞筆◆３,107,953,[イヒン]の器。,渭浜,将相となるべき大人物をいう。
逞筆◆３,108,954,[イラン]の林に交われども赤栴檀の香は失せず。,伊蘭,劣悪な環境の中にあっても、人の心の中の清らかなものは失われないことのたとえ。
逞筆◆３,109,955,家に[ヘイソウ]有り、之を千金に享つ。,弊帚、敝帚,うぬぼれが強いことのたとえ。
逞筆◆３,110,956,[イゲン]の佩。,韋弦,自分の性格を改めて修養しようと戒めの為のものを身に付けること。
逞筆◆３,111,957,[ウ]方なれば水方なり。,盂,君主という器次第で、人民はよくも悪くもなるということのたとえ。
逞筆◆３,112,958,魚は[ジョウロウ]に焼かせよ、餅は下種に焼かせよ。,上﨟,魚や餅の上手な焼き方を言ったもの。また、仕事によって人には適不適があるから、ふさわしい人を選べということ。
逞筆◆３,113,959,[エイマン]の咎。,盈満,富や権力が絶頂に達すると、必ず衰退の兆しが現れること。
逞筆◆３,114,960,越鶏は[コクラン]を伏す能わず。,鵠卵,人の才能を超えた大きなことを求めても無理だというたとえ。
逞筆◆３,115,961,[エンカ]の駒。,轅下,無理なことを強いられて苦しむこと。また、人から束縛されて自由にならないことのたとえ。
逞筆◆３,116,962,[エンソ]河に飲むも満腹に過ぎず。,偃鼠、鼴鼠,人はそれぞれの分に応じて満足するものであるたとえ。身の程を知るがよいということ。
逞筆◆３,117,963,愛[オクウ]に及ぶ。,屋烏,愛情が深いことのたとえ。屋烏の愛。
逞筆◆３,118,964,[ウ]を好むに瑟を鼓す。,竽,人の好みに合わないことをするたとえ。
逞筆◆３,119,965,思い[オモクサ]思われ面皰。,面瘡,にきびは、人を恋しく思ったり人に思いを寄せられていたりする証拠だということ。若い男女を冷やかしていうことが多い。
逞筆◆３,120,966,表木綿の裏[カイキ]。,甲斐絹、海黄、海気,うわべを地味にして、目に見えない所に贅沢をすることのたとえ。
逞筆◆３,121,967,[オンザ]の初物。,穏座,盛りを過ぎるころの果物や野菜などは、初物と同じように珍重されるということ。また、物事の終わりがよい時や、晩年になって知識や芸能などが大成することのたとえにも用いられる。終わりの初物。末の初物。
逞筆◆３,122,968,[カイケイ]の恥。,会稽,敗戦の屈辱。また、他人から受けた酷い恥辱。積年の恨みや恥辱にも言う。
逞筆◆３,123,969,[カイトク]車を破る。,快犢,元気過ぎて乱暴な子供は、将来大物になる可能性があること。そうした子は将来有望であるから成長が楽しみであること。また、そうした子供には自制させて無事に成長させるべき意にも用いる。
逞筆◆３,124,970,[ガイフウ]南よりして彼の棘心を吹く。,凱風,母親が愛情をもって子供を暖かく見守り育てることのたとえ。
逞筆◆３,125,971,[ウツバリ]の燕。,梁,我が子を思う親の深い愛情のたとえに言う。
逞筆◆３,126,972,鏡明らかなれば則ち[ジンコウ]止まらず。,塵垢,心の美しい人は、欲望に心を乱されることはない。
逞筆◆３,127,973,餓鬼も[ニンズ]。,人数,取るに足りない者でも時には何かの役に立つこともあるたとえ。また、取るに足りない者でも大勢集まるとあなどりがたいたとえ。
逞筆◆３,128,974,[カシ]の璧。,和氏,中国古代の名高い宝玉の名。
逞筆◆３,129,975,[カセイ]は虎よりも猛し。,苛政,むごい政治を戒める語。
逞筆◆３,130,976,花中の[オウゼツ]は花ならずして芳し。,鶯舌,周囲の環境が良いと、その中に居るものも自然に良くなることのたとえ。
逞筆◆３,131,977,[エッケン]雪に吠ゆ。,粤犬,識見の狭い者は他の卓絶した言行に対し、疑い怪しんで非難する。
逞筆◆３,132,978,[カデン]に履を納れず。,瓜田,人に疑われるようなことはするなということ。
逞筆◆３,133,979,[ガトウ]の側他人の鼾睡を居れず。,臥榻,自分の国以外の国の独立を許すわけにはいかない。あくまでも天下を統一する意志があるというたとえ。
逞筆◆３,134,980,神の[ホクラ]も梯のままに。,神庫,一見困難と思われることでも、適切な手段を用いれば、実現できることのたとえ。
逞筆◆３,135,981,[カリョウ]の別れ。,河梁,人と別れること。特に親しい人を見送るつらい別れ。
逞筆◆３,136,982,餓狼の[ホウチュウ]を守る如し。,庖厨,大切なものをもっとも危険な人物に守らせることのたとえ。
逞筆◆３,137,983,河は[イイ]を以ての故に能く遠し。,委蛇,大きな事を成し遂げるには、あせって一線に進むのではなく、段階を踏んでこそ達成できることのたとえ。
逞筆◆３,138,984,[カワラケ]の欠けも用あり。,土器、瓦,不要だと思われる物でも、何かの役に立つ事があるというたとえ。
逞筆◆３,139,985,[カンガイ]相望む。,冠蓋,使者が次々に送り出されるさま。
逞筆◆３,140,986,[カン]無きを以て吠えざるの狗を畜うべからず。,姦、奸,天下太平の世の中でも、無能な人間を登用すべきではないということのたとえ。
逞筆◆３,141,987,[カンピョウ]の一斑。,管豹,物の見方や考え方の狭いことのたとえ。
逞筆◆３,142,988,[キ]、塩車に服す。,驥,すぐれた人物が世に認められないでつまらない仕事をさせられることのたとえ。
逞筆◆３,143,989,[キザン]の志。,箕山,世俗の名利を捨てて隠れ住み、自分の節操を守ること。
逞筆◆３,144,990,貴珠は[センボウ]より出ず。,賤蚌,すぐれた人物が貧賤な境遇から生まれ出ることのたとえ。
逞筆◆３,145,991,[キセキ]に入る。,鬼籍,死亡すること。
逞筆◆３,146,992,[ギバ]、扁鵲でもいかぬ。,耆婆,不治の病のたとえ。また、事態が深刻でどうにもならないことのたとえ。
逞筆◆３,147,993,[ギュウテイ]鶏を烹る。,牛鼎,大きな才能をもつ人には、小さな仕事は適さないたとえ。
逞筆◆３,148,994,一簞の[シ]、一瓢の飲。,食,きわめて貧しい食事のこと。また、清貧に甘んずること。
逞筆◆３,149,995,[キョッコウ]の楽しみ。,曲肱,貧しいなかから見いだされる楽しみ。
逞筆◆３,150,996,[キンカク]の贈。,巾幗,意気地のないことをあざけること。
逞筆◆３,151,997,騏驥の[キョクチョク]するは駑馬の安歩に如かず。,跼躅,どんなにすぐれた人間でも怠けていれば、平凡だが努力し続ける人間にはかなわないというたとえ。
逞筆◆３,152,998,[キンラン]の契り。,金蘭,固く美しい友情のこと。
逞筆◆３,153,999,金を炊ぎ玉を[セン]す。,饌,豪華で贅沢な食事。歓待されたことに感謝の気持ちを述べる時にも用いる。
逞筆◆３,154,1000,[イサゴ]に黄金、泥に蓮。,砂、沙、砂子、沙子,つまらない物の中に良い物が混じっていることのたとえ。
逞筆◆３,155,1001,強弩の末[ロコウ]に入る能わず。,魯縞,初めは強いものでも衰えては力がなくなり、何事もできなくなることのたとえ。英雄や強国の末路にいう。
逞筆◆３,156,1002,[キカク]の勢い。,掎角,前後から呼応して敵に当たる態勢をいう。
逞筆◆３,157,1003,君子[トウトウ]として小人寂寂たり。,蕩蕩,君子は道に従って行動するから、心は穏やかでのびのびとしているが、小人はいつもくよくよと思い悩んでいるということ。
逞筆◆３,158,1004,君子は[ホウチュウ]を遠ざく。,庖厨,君子は生き物の死をあわれんで、それらが料理される台所には近寄らないということ。
逞筆◆３,159,1005,蛍火を以て[シュミ]を焼く。,須弥,微力な者が、できもしない大きなことをしようとするたとえ。
逞筆◆３,160,1006,[ケイケイ]甕裏の天。,醯鶏,世間知らずで見識の狭い人のたとえ。
逞筆◆３,161,1007,[ケツ]の犬尭に吠ゆ。,桀,人間は、自分の主人から目を掛けられ、恩義を受けると、主人のためにはどんなことでもするようになるというたとえ。
逞筆◆３,162,1008,[ケンカ]玉樹に倚る。,蒹葭,身分の低い人物が、身分の高い親戚の勢いを借りること。また、権威のある親戚のおかげで栄えるのをあざけること。
逞筆◆３,163,1009,[ケンケン]壅がざれば終に江河となる。,涓涓,災いは、小さなうちに断ち切らなければ、大事に至ることのたとえ。
逞筆◆３,164,1010,[ケンテキ]岩を穿つ。,涓滴,小さなことでも続ければ大事を成すたとえ。
逞筆◆３,165,1011,[ケンロ]の技。,黔驢,自分の腕前や技量が劣っているのを自覚せずに恥をかくこと。また、取るに足りない見かけ倒しの腕前や技量。
逞筆◆３,166,1012,孔丘[トウセキ]俱に塵埃。,盗跖,聖人も悪人も、死んでしまえばみんな同じようにちりやほこりになってしまうということ。
逞筆◆３,167,1013,[コウキョウ]で親の頭を打つ。,孝経,言うこととすることが違っていること。言行不一致のたとえ。
逞筆◆３,168,1014,[コウジ]の下必ず死魚有り。,香餌,人は利益を得るためには、命を落とすこともいとわないものだというたとえ。また、利益のかげには必ず危険がひそんでいるたとえ。
逞筆◆３,169,1015,[ゴウシャ]の眷属。,恒沙,きわめて多くの同類や同族。
逞筆◆３,170,1016,[コウセン]の路上老少無し。,黄泉,死は、年齢に関係なくおとずれるということのたとえ。
逞筆◆３,171,1017,[エイ]を脱す。,穎,才気が自然に表に現れることのたとえ。
逞筆◆３,172,1018,[コウモウ]を以て炉炭の上に燎く。,鴻毛,きわまて簡単に物事が片付くことのたとえ。
逞筆◆３,173,1019,呉下の[アモウ]。,阿蒙,いつまでも進歩がない昔のままの人間であるたとえ。また、無学な者のたとえ。
逞筆◆３,174,1020,黒牛[ハクトク]を生む。,白犢,人間世界のまわり合わせの吉凶は一定していないというたとえ。
逞筆◆３,175,1021,鵠を刻して[ボク]に類す。,鶩,謹厳実直の人を見習って努力すれば、同じようにはなれなくても、似通った善人にはなれるということ。
逞筆◆３,176,1022,[ゴソ]は五技にして窮す。,梧鼠、鼯鼠,器用でいろいろできるが、どれもものにならないこと。けら才。
逞筆◆３,177,1023,[コゾ]植えた柿の木。,去年,物事の成就しないことのたとえ。
逞筆◆３,178,1024,[コチュウ]の天。,壺中,世俗を離れた別世界。また、酒を飲み世俗を忘れる楽しみ。
逞筆◆３,179,1025,[コテツ]の鮒魚。,涸轍,危機や困難が目の前にさしせまっていること。また、窮地に立たされた人のたとえ。
逞筆◆３,180,1026,[ウツバリ]の埃落つ。,梁,歌のうまいことのたとえ。梁の塵を動かす。
逞筆◆３,181,1027,[サイイ]親を娯しましむ。,綵衣、彩衣,親孝行のたとえ。
逞筆◆３,182,1028,[サイシン]の憂い。,采薪,自分の病気をへりくだっていう語。
逞筆◆３,183,1029,桀の犬[ギョウ]に吠ゆ。,尭,人間は、自分の主人から目を掛けられ、恩義を受けると、主人のためにはどんなことでもするようになるというたとえ。
逞筆◆３,184,1030,[サク]を易う。,簀,学徳の高い人が死ぬ。転じて、人が死ぬ。
逞筆◆３,185,1031,[サンカイ]を植う。,三槐,子孫に高位高官にのぼる者の出るのを期待することのたとえ。
逞筆◆３,186,1032,[ザンシン]国を乱し妬婦家を破る。,讒臣,偽って主君に告げ口をする臣下がいれば国は乱れるし、嫉妬深い女は家の平和を壊すもとになるということ。
逞筆◆３,187,1033,[サンプ]の養。,三釜,給与が少なく貧しいなかで、親に孝養をつくすこと。
逞筆◆３,188,1034,[ジキョウ]息まず。,自彊,ひたすらつとめ励んで怠らないこと。
逞筆◆３,189,1035,[シチョウ]百を累ぬるも一鶚に如かず。,鷙鳥,無能な者が大勢いても、たった一人の有能な人物のすることには及ばないというたとえ。
逞筆◆３,190,1036,[シ]の隙を過ぐるが若し。,駟,時間や月日の経過の速いことのたとえ。
逞筆◆３,191,1037,[シュウイ]に在りて争わず。,醜夷,兄弟や仲間と争って父母に心配をかけるようなことはしないということ。人の子としての親に対する礼を述べたもの。
逞筆◆３,192,1038,衆草と[ゴ]す。,伍,賢人・君子が凡人と交わっていることのたとえ。
逞筆◆３,193,1039,[シュクバク]を弁ぜず。,菽麦,この上なく愚かな者のたとえ。
逞筆◆３,194,1040,[シュミセン]と丈競べ。,須弥山,比較にならないことのたとえ。
逞筆◆３,195,1041,[ショウホ]靴に薦く。,章甫,上下・善悪が逆になり、区別のないこと。また、有能な人物をつまらない仕事に使うこと。
逞筆◆３,196,1042,[ショウホ]を資して越に適く。,章甫,道理や目的に外れた行為や見当違いなことをするたとえ。また、ある所では必要な物でも、所によっては不必要とされるたとえ。場違いなことのたとえ。程度の低い者には高尚なことは理解できないことのたとえにも言う。
逞筆◆３,197,1043,耆婆、[ヘンジャク]でもいかぬ。,扁鵲,不治の病のたとえ。また、事態が深刻でどうにもならないことのたとえ。
逞筆◆３,198,1044,真金は[ト]せず。,鍍,真に才能のある人は、肩書などで飾り立てたりする必要はないということ。
逞筆◆３,199,1045,[シンスイ]の労。,薪水,炊事仕事の苦労。また、労を惜しまずに人に仕えて働くこと。
逞筆◆３,200,1046,醯鶏[オウリ]の天。,甕裏、甕裡,世間知らずで見識の狭い人のたとえ。
逞筆◆３,201,1047,[スイキュウ]の夢。,炊臼,妻に先立たれる夢。また、妻が死ぬことのたとえ。
逞筆◆３,202,1048,[ズイシュ]をもって雀を弾つ。,隋珠、随珠,用いるものが適当でないたとえ。また、得るところが少なく失うことが多いたとえ。
逞筆◆３,203,1049,水行して[コウリュウ]を避けざるは漁夫の勇なり。,蛟竜,どんな困難に直面しても自分の天命を受け入れ、それを恐れないのが聖人の勇気であるということ。また、どんな職業にもそれなりの危険があり、勇気を必要とするということ。
逞筆◆３,204,1050,[スイレン]の政。,垂簾,幼少の天子に代わって、皇太后あるいは大皇太后が政治をとること。
逞筆◆３,205,1051,桂玉の[カン]。,艱,よそから物価の高いところに来て生活に苦しむこと。
逞筆◆３,206,1052,狐裘にして[コウシュウ]す。,羔袖,全体としては良いのに、一個所だけ欠点があることのたとえ。また、部分的に悪いところはあるが、全体から見れば立派であるということ。
逞筆◆３,207,1053,[セイエイ]、海を塡む。,精衛,不可能なことを企て、徒労に終わること。また、いつまでも悔やみ続けること。
逞筆◆３,208,1054,聖人は[セキヘキ]を貴ばずして寸陰を重んず。,尺璧,時間の大切さを言った言葉。
逞筆◆３,209,1055,性は猶[タンスイ]のごとし。,湍水,人の本性は善にも悪にもなり得るということ。
逞筆◆３,210,1056,[セイヨウ]白を染む。,青蠅,小人が潔白な君子を中傷しけがすたとえ。
逞筆◆３,211,1057,[セキイン]堤を穿てば一邑を漂わす。,尺蚓,わずかな油断から大事を引き起こすことのたとえ。
逞筆◆３,212,1058,[セッカイ]で腹を切る。,狭匙、切匙,できるはずのないことのたとえ。擂粉木で腹切る。
逞筆◆３,213,1059,雪泥の[コウソウ]。,鴻爪,人間の行為など一時的で儚いものであることのたとえ。
逞筆◆３,214,1060,川淵深くして[ギョベツ]之に帰し、山林茂れば禽獣之に帰す。,魚鼈,善政の行われるところには自然に民衆が集まり、徳の高い君主のもとには有能な人材が集まるというたとえ。
逞筆◆３,215,1061,千里[ガ]を命ず。,駕,遠方の友をはるばる訪ねることのたとえ。また、遠方からおいでになること。
逞筆◆３,216,1062,[ソウチュウ]塵を生じ、釜中魚を生ず。,甑中,非常に貧しいことのたとえ。
逞筆◆３,217,1063,[ソウホウ]の志。,桑蓬,男子が天下に雄飛しようとする志をいう。
逞筆◆３,218,1064,滄浪の水清まば以て吾が[エイ]を濯う可し。,纓,世の中が平穏な時には、中央に出て仕えるということ。また、世の中の移り変わりに応じて柔軟に行動するたとえ。
逞筆◆３,219,1065,老いて[トフ]の功を知る。,妬婦,若いうちは、やきもちやきの妻がうるさく感じられてしかたがなかったが、老年になると本当の値うちがわかってくる。
逞筆◆３,220,1066,粟の[ヒ]有るが若し。,秕,よい物の中に悪い物が混じっているたとえ。
逞筆◆３,221,1067,鼠穴を治めて[リリョ]を壊る。,里閭,小さな害を除こうとして大切なものを台無しにしてしまうたとえ。
逞筆◆３,222,1068,楚囚其の冠を[エイ]す。,纓,祖国を忘れず、その誇りを持ち続けること。
逞筆◆３,223,1069,刀下の鳥[リンソウ]に交わる。,林藪,九死に一生を得た思いをすることのたとえ。
逞筆◆３,224,1070,大功を天下に建つる者は必ず先ず[ケイモン]の内を修む。,閨門,大きな事を成し遂げるには、まず身近なところをきちんとおさめることが大切である。
逞筆◆３,225,1071,臥榻の側他人の[カンスイ]を容れず。,鼾睡,自分の国以外の国の独立を許すわけにはいかない。あくまでも天下を統一する意志があるというたとえ。
逞筆◆３,226,1072,[ダイチン]の寿。,大椿,人の長寿を祝う言葉。
逞筆◆３,227,1073,[タンシツ]文らず。,丹漆,もともと美しいものは、とくに飾る必要がないこと。
逞筆◆３,228,1074,痴ならず[ロウ]ならざれば姑公と成らず。,聾,姑は嫁のわずかな落度をこまかくあげつらうべきではない。
逞筆◆３,229,1075,中流の[シチュウ]。,砥柱,困難や誘惑がある中でもびくともせず、節義を守る者のたとえ。乱世にあっても節を持して屈しないことのたとえ。
逞筆◆３,230,1076,[チョウキョウ]帰らんか、食に魚無し。,長鋏,地位や待遇について不平をいうことば。
逞筆◆３,231,1077,[チョッキュウ]父を証す。,直躬,正直すぎるとかえって道にはずれたことと変わらなくなってしまうことのたとえ。
逞筆◆３,232,1078,山[バンゼイ]を呼ぶ。,万歳,世の中が平和であることのたとえ。
逞筆◆３,233,1079,月の影取る[マシラ]。,猿,身の程をわきまえず、欲望に迷って身を滅ぼすことのたとえ。また、愚かで無謀なことのたとえ。
逞筆◆３,234,1080,[ツバキ]で矢を矧ぐ。,唾,いい加減な仕事をすること。また、壊れやすく、もろいことのたとえ。
逞筆◆３,235,1081,[テイキン]三月四書大学。,庭訓,学問をしてもすぐにあきて長続きしないことのたとえ。
逞筆◆３,236,1082,[ショウテイ]の門。,鐘鼎,由緒ある家。富貴の家。
逞筆◆３,237,1083,[デッ]すれども緇まず。,涅,悪い環境の中でよからぬ人物とつきあっても、それに影響されないことのたとえ。
逞筆◆３,238,1084,[テットウ]水を漏らさず。,鉄桶,鉄製の桶が水を漏らさないように、堅固でつけ入る隙がないことのたとえ。
逞筆◆３,239,1085,天地は万物の[ゲキリョ]、光陰は百代の過客。,逆旅,この世のすべてのものは、はかなく変わりやすいものだということ。
逞筆◆３,240,1086,[トウコ]の筆。,董狐,権勢に屈せず、ありのままに歴史を記すこと。
逞筆◆３,241,1087,十[ハシバミ]の九つ空。,榛,物事の当たり外れは、外れの方が圧倒的に多いというたとえ。
逞筆◆３,242,1088,[トキ]にも非時にも外れる。,斎、斎食,何も得ることができないというたとえ。
逞筆◆３,243,1089,[トソウ]の人。,斗筲,①器量が小さい人。度量が狭い人。②料が少なく、身分が低い人。
逞筆◆３,244,1090,[ト]啄みて梁柱を剖く。,蠹,災いは小さいうちに取り除くべきだというたとえ。
逞筆◆３,245,1091,[トリョウ]の技。,屠竜,習得しても実際には役立たない技術のたとえ。
逞筆◆３,246,1092,布は[ヌキ]から男は女から。,緯,布の善し悪しがそれを織る横糸によって決まるように、男の善し悪しは妻の心がけによって決まるということ。
逞筆◆３,247,1093,猫に[マタタビ]。,木天蓼,大好物のたとえ。また、何か物を与えたときに効果が著しいことのたとえ。
逞筆◆３,248,1094,[ネコババ]でしゃあしゃあまじまじ。,猫糞,悪いことをしても素知らぬ顔で平気でいること。
逞筆◆３,249,1095,[ハイシャク]に勝えず。,杯杓,酒を飲み過ぎて、もうこれ以上は飲めないということ。
逞筆◆３,250,1096,[ハクシュウ]の操。,柏舟,夫が死んだのちも、妻が貞操を守ること。
逞筆◆３,251,1097,[バクヤ]を鈍しと為し鉛刀を銛しと為す。,莫邪,人の賢愚についての世間の評価があてにならないことのたとえ。いい加減な評価のたとえ。
逞筆◆３,252,1098,[ハクユ]杖に泣く。,伯兪,親が年老いたことを知り、嘆き悲しむこと。
逞筆◆３,253,1099,[ヨウ]を作る。,俑,悪い前例を作ること。よくない例を残すこと。
逞筆◆３,254,1100,罷士は[ゴ]無く罷女は家無し。,伍,疲れた兵士たちは隊列を組むことができないし、道徳にそむく女は家庭を持つことはできないということ。
逞筆◆３,255,1101,日照りの[タカボクリ]。,高木履,不似合いなことのたとえ。
逞筆◆３,256,1102,人屑と[トコロ]屑は投げる所はない。,野老,トコロは苦味を抜けばぜんぶ食べられるので捨てないように、人も賢愚にかかわらず、何かしら用いどころがある。
逞筆◆３,257,1103,人にして古今に通ぜずんば馬牛にして[キンキョ]するなり。,襟裾,学問を身につけてはじめて人間として価値があるということ。
逞筆◆３,258,1104,[トキュウ]の地。,菟󠄂裘,退官して余生を過ごす土地。隠居の地。
逞筆◆３,259,1105,[ヒョウコ]の心。,氷壺,潔白で汚れのない心のこと。
逞筆◆３,260,1106,[ヒンケイ]晨す。,牝鶏,女性が権勢を振るうたとえ。また、それが家庭や国を滅ぼすもととなるたとえ。
逞筆◆３,261,1107,[フセツ]の教誨。,不屑,物事を教えるときに、相手の発奮を待って悟らせること。
逞筆◆３,262,1108,鷽鳩[タイホウ]を笑う。,大鵬,つまらない者には大人物の志がわからないたとえ。
逞筆◆３,263,1109,[ハクジョウ]の塵。,陌上,路上のちりや砂ぼこり。転じて、飛び散って定めないことのたとえ。
逞筆◆３,264,1110,[ヘイスイ]相逢う。,萍水,旅行中などに、偶然出会って知り合いになることのたとえ。
逞筆◆３,265,1111,[ヘイリ]を棄つるが如し。,弊履、敝履,惜しげもなく捨てること。
逞筆◆３,266,1112,[ベキラ]の鬼。,汨羅,おぼれ死んだ人。
逞筆◆３,267,1113,鞍に拠りて[コベン]す。,顧眄,馬の鞍によりかかって前後を見回す。威勢の盛んな態度。
逞筆◆３,268,1114,[ヘクソ]葛も花盛り。,屁糞、屁屎,美しくない娘でも、年頃になるとそれなりに魅力的になるものだというたとえ。
逞筆◆３,269,1115,[ヘッツイ]より女房。,竈,一家をかまえる資力がなく、生活力もないのに結婚しようとすること。
逞筆◆３,270,1116,偏聴[カン]を生ず。,姦、奸,一方の言い分だけを聞いて物事を処理したり仲裁をしたりすると、悪い結果になるということ。
逞筆◆３,271,1117,[ホウイ]に靴の沓。,布衣,不似合いなさま。釣り合いの取れていない様子のたとえ。
逞筆◆３,272,1118,鳳凰笯に在り[ケイボク]翔舞す。,鶏鶩,すぐれた人物が自由に権力を発揮することができず、取るに足りない人間が我が物顔に振る舞うことのたとえ。※笯（ド）＝鳥かご。※漢検対象外
逞筆◆３,273,1119,[ソバク]に烏有り。,楚幕,敵の陣中に人影がないことのたとえ。
逞筆◆３,274,1120,仏の[ハク]を剝がす。,箔,欲にからんで非道なことをするたとえ。
逞筆◆３,275,1121,墓木已に[キョウ]す。,拱,長生きしている相手をののしる言葉。また、死んでから長い年月が過ぎていることのたとえ。
逞筆◆３,276,1122,誉める人に買った[タメシ]なし。,例,品物をよくほめる客は、実際には買う気のない客であるということ。また、お世辞ばかり言う人は信用できないということ。
逞筆◆３,277,1123,[ホリュウ]の質。,蒲柳,生まれつき体が弱いこと。
逞筆◆３,278,1124,[ホンド]の基は高きを成す能わず。,畚土,基礎がしっかりしていなければ、大きな事は出来ないたとえ。また、物にはそれぞれ限度があるというたとえ。
逞筆◆３,279,1125,学ぶ者は牛毛の如く、成る者は[リンカク]の如し。,麟角,学問を志す者は牛の毛のように多いが、それを成就する者は麒麟の角のようにまれである。
逞筆◆３,280,1126,水到りて[キョ]成る。,渠,その時機がくれば物事はおのずから完成するたとえ。
逞筆◆３,281,1127,道遠くして[キ]を知る。,驥,すぐれた人物の真価は、乱世や逆境になって初めてわかるということ。
逞筆◆３,282,1128,深山木の中の[ヨウバイ]。,楊梅,多くの中で特にすぐれていることのたとえ。※深山木（みやまぎ）
逞筆◆３,283,1129,身を立つるは[コウテイ]を以て基と為す。,孝悌、孝弟,立身出世するには、父母に孝養を尽くし、年長者によく仕えることが根本だということ。
逞筆◆３,284,1130,[ムクロジ]は三年磨いても黒い。,無患子,生まれつきの特性は変えられないこと。また、努力を続けても効果のないこと。
逞筆◆３,285,1131,[ムボウ]の禍。,毋望、無望、毋妄、無妄,思いがけないわざわい。
逞筆◆３,286,1132,目に[シュウゴウ]の末を察すれば耳に雷霆の声を聞かず。,秋毫,小さいことに気を取られていると、重大なことに気が付かないということ。
逞筆◆３,287,1133,[モウキ]の浮木。,盲亀,出会うことが非常に難しいこと。また、めったにない幸運に巡り合うことのたとえ。
逞筆◆３,288,1134,猛虎の猶予するは[ホウタイ]の螫を致すに若かず。,蜂蠆,力のある者でも決断力がなく、断行することができなければ、つまらない者にも劣ること。また、無力の者でも、行動すれば効果をあげることができること。
逞筆◆３,289,1135,[グウシ]の孔。,藕糸,きわめて小さいもののたとえ。
逞筆◆３,290,1136,猛虎の猶予するは蜂蠆の[セキ]を致すに若かず。,螫,力のある者でも決断力がなく、断行することができなければ、つまらない者にも劣ること。また、無力の者でも、行動すれば効果をあげることができること。
逞筆◆３,291,1137,[ヨク]して宿を射ず。,弋,生き物を取る場合にも、慈悲の心を失うようなことはしないということ。何事にも程度をわきまえた人物の振る舞いのたとえ。
逞筆◆３,292,1138,雷声[コウダイ]雨点全く無し。,浩大,前触ればかりで、何も起こらないことのたとえ。
逞筆◆３,293,1139,[ラキ]千箱、一暖に過ぎず。,羅綺,無駄な贅沢は必要ないということ。
逞筆◆３,294,1140,蘭摧玉折を為すも[ショウフ]艾栄をは作さじ。,蕭敷,つまらぬ人間として生き長らえるより潔く死ぬ方が本望であるということ。
逞筆◆３,295,1141,[ランデン]玉を生ず。,藍田,名門の家から優秀な子弟が出ること。
逞筆◆３,296,1142,李下に[ケイケイ]無し。,蹊径,立派な役人のもとでは、不正なことが行われる余地はないということのたとえ。
逞筆◆３,297,1143,離朱が明も[ショウジョウ]の塵を視る能わず。,睫上,世の中には、どんなにすぐれた人にもわからないことがあるということ。また、自分のことは分からないものだというたとえ。
逞筆◆３,298,1144,蘭摧玉折を為すも蕭敷[ガイエイ]をは作さじ。,艾栄,つまらぬ人間として生き長らえるより潔く死ぬ方が本望であるということ。
逞筆◆３,299,1145,茅茨剪らず[サイテン]削らず。,采椽,質素な宮殿のさま。
逞筆◆３,300,1146,[リョウショウ]の志。,凌霄,立身出世しようという志をいう。
逞筆◆３,301,1147,[リョウコ]は深く蔵して虚しきが如し。,良賈,賢者はその学徳や才能を深く隠して、ひけらかすことはしないたとえ。
逞筆◆３,302,1148,寇準、殿に上りて、百僚[コリツ]す。,股栗、股慄,寇準は、宋代の名臣であって、善は善なりとし、悪は悪なりとしたから、彼が一たび御殿に上ると、部下の役人どもは皆、今度は自分がどういう処置を受けるかと震えて恐れていたという。
逞筆◆３,303,1149,[レイゲン]の情。,鴒原,兄弟の深い情愛のこと。
逞筆◆３,304,1150,[レイシュ]設けず。,醴酒,師を敬う気持ちが薄くなることのたとえ。また、人をもてなす礼儀が粗略になること。
逞筆◆３,305,1151,[レイ]を以て海を測る。,蠡,狭い見識だけで、大きな問題を議論すること。また、不可能なことにも言う。
逞筆◆３,306,1152,[レンコク]の下。,輦轂,天子のいる都。
逞筆◆３,307,1153,[ロヨウ]の戈。,魯陽,勢いが盛んなことのたとえ。
逞筆◆３,308,1154,禍いは[カイダ]に生ず。,懈惰,わざわいは用心するところには生まれないで、おこたってゆるがせにするところから生ずる。
逞筆◆３,309,1155,形は[コウボク]の如く心は死灰の如し。,槁木,心身に活気、生気のないさま。また一説に、無念、無想、無為なるさまとも。
逞筆◆３,310,1156,[ユウウ]の情。,友于,兄弟友愛の情。兄弟仲のよいこと。
逞筆◆３,311,1157,命を信ずる者は[ジュヨウ]亡し。,寿夭,天命を信じる者は生死にこだわらないから、寿命の長いとか短いとかは問題にしない。
逞筆◆３,312,1158,[ギョクシ]当無し。,玉卮,すばらしく見えて役に立たないもののたとえ。
逞筆◆３,313,1159,[カンジン]の前には機巧を言うことなかれ。,奸人、姦人,悪がしこい者の前では、悪用されるといけないから、物事のからくりを話さないほうがよい。
逞筆◆３,314,1160,家鴨の[チギ]重し負うたような。,杠、杠秤、扛秤,背が低く、尻の不格好な女の歩くさま。
逞筆◆３,315,1161,[オウゴ]屋の火事で棒焼く。,朸,ぼやく。不平を言う。
逞筆◆３,316,1162,[ケイロク]捨て難し。,鶏肋,たいして役に立たないが捨てるには惜しい。鶏肋。
逞筆◆３,317,1163,[ボウシ]背に在り。,芒刺,びくびくして落ち着かないさま。
逞筆◆３,318,1164,人にして恒無くんば以て[フイ]を作すべからず。,巫医,人として一定の心がない者は巫女の占いでも医者の治療でも救うことができない。
逞筆◆３,319,1165,[カンシン]の股くぐり。,韓信,大きな目的のために、一時の屈辱に耐え忍ぶことのたとえ。韓信匍匐。
逞筆◆３,320,1166,[ホウガ]の馬。,泛駕,ずばぬけた才能や学識があって、普通の道に従わない英雄豪傑のたとえ。
逞筆◆３,321,1167,[トクヒツ]を呵する。,禿筆,へたな文章を書く。自分の文章を謙遜していう。
逞筆◆３,322,1168,野人[ケンキン]の意。,献芹,人に物を贈ったり、目上の人に意見書を提出したりする時に、へりくだっていうことば。
逞筆◆３,323,1169,庸中の[コウコウ]。,佼佼,平凡な人々の中ですぐれていること。
逞筆◆３,324,1170,[トツトツ]人に迫る。,咄咄,詩文書画などがたいへんすぐれているのを感嘆してほめることば。
逞筆◆３,325,1171,[キシュウ]の妾。,箕帚、箕箒,人の妻となることを謙遜していう
逞筆◆３,326,1172,[キシュウ]を執る。,箕帚、箕箒,妻妾となって仕える。
逞筆◆３,327,1173,[コッショ]に付する。,忽諸,命令などをおろそかにする。ゆるがせにする。
逞筆◆３,328,1174,[キンボウ]に名を掛く。,金榜,科挙に及第することを言う。試験に合格すること。また、栄達して顕官に列すること。
逞筆◆３,329,1175,[モウキョク]の恩。,罔極,きわまりない恩。父母の高恩。
逞筆◆３,330,1176,友に交わるには須く三分の[キョウキ]を帯ぶべし。,俠気,交友は利害関係で結ばれた利己本位なものでなく、友人のためにはあとへもひかぬ男気が必要である。
逞筆◆３,331,1177,[ゲンカン]は竿上の褌を手向く。,阮咸,阮咸が七夕の日に世人が豪華で美しい衣装を庭で干すのにならって、ふんどしを竿にかけて世を愚弄したという故事。
逞筆◆３,332,1178,[リンカン]の美。,輪奐,建物の広大で壮麗な美しさをいう。
逞筆◆３,333,1179,自家の[ケンシュウ]は自家知る。,姸醜,自分の長所、短所は自分でわかる。
逞筆◆３,334,1180,[リョコウ]の人。,閭巷,民間の人。
逞筆◆３,335,1181,[セキショウ]鉢の目高。,石菖,狭い世間しか知らない器量の小さい人物。
逞筆◆３,336,1182,一葉の[ヘンシュウ]。,扁舟,一艘の小舟。一葉舟。
逞筆◆３,337,1183,江南の橘江北に移されて[キ]となる。,枳,場所や状況によって、同じ人間でも性質が変化するというたとえ。
逞筆◆３,338,1184,明日一理を弁え、久しくすれば自然に[ショウコウ]す。,浹洽,今日一つの道理、明日一つの道理とわきまえていけば、年月をかさねるうちに心は自然にその道にそまるものである。
逞筆◆３,339,1185,[ヤイト]箸にて目を突く。,灸、灼,すばしこくて細かいこと、せわしないことのたとえ。
逞筆◆３,340,1186,矯めつ[スガ]めつ。,眇,いろいろな方向から、よく見るようす。
逞筆◆３,341,1187,[ケッチュウ]其の身を忘る。,桀紂,夏の桀王と殷の紂王は、後のことも考えず暴虐の限りを尽くしたため、ついには国を亡ぼしてしまったという故事。
逞筆◆３,342,1188,[レイシ]を捻ったよう。,茘枝,顔かたちの醜い人のたとえ。
逞筆◆３,343,1189,[イリョ]の情。,倚閭,外出した子の帰りを待ちわびる母の情をいう。倚門の望。
逞筆◆３,344,1190,[チョウチュウ]の枯骨。,冢中,無能で取り柄のない人のたとえ。
逞筆◆３,345,1191,[アクチ]も切れぬ。,緊唇,まだ一人前でない少年。若輩、青二才。
逞筆◆３,346,1192,[チリケ]から水を掛ける。,身柱、天柱,ぞっとすること。
逞筆◆３,347,1193,明日は[エンブ]の塵ともならばなれ。,閻浮,明日は死んでしまってもかまわない、どうなろうとなるようになれ。
逞筆◆３,348,1194,[チョボイチ]なら七里帰っても張れ。,樗蒲一,強く人をひきつける賭博の魅力をいう。
逞筆◆３,349,1195,腕無しの振り[ギッチョウ]。,毬杖、毬打,自分の力に過ぎたことを無理にしようとすらたとえ。実力もないくせに虚勢だけをはること。
逞筆◆３,350,1196,腕無しの[ズンバイ]。,飄石,自分の力に過ぎたことを無理にしようとすらたとえ。実力もないくせに虚勢だけをはること。
逞筆◆３,351,1197,[アメツチ]を袋に縫う。,天地,年の始めに口ずさむ言寿歌のことば。
逞筆◆３,352,1198,[イ]を秉る。,彝,人の守るべき道をしっかりと守る。
逞筆◆３,353,1199,[イイボ]してもつ釣る。,飯粒,飯粒ほどのわずかな餌で大きな獲物を手に入れる。海老で鯛を釣る。
逞筆◆３,354,1200,[イカキ]俯けたような。,笊籬,妊婦の腹の出たさま。
逞筆◆３,355,1201,[イグチ]も靨。,兎唇、欠唇,ひいき目で見れば、相手の欠点、短所も美点、長所に見えることのたとえ。
逞筆◆３,356,1202,出ずるに警し、入るに[ヒッ]す。,蹕,天子が貴人の出入り、通行に際し、声をかけて、道筋の者に失礼のないように注意をうながすこと。警蹕。
逞筆◆３,357,1203,[シコウ]の聡。,師曠,耳が鋭敏なこと。音楽を聴き分けられる人のこと。
逞筆◆３,358,1204,[イッキ]の寄り合い。,一揆,物さわがしいことのたとえ。
逞筆◆３,359,1205,[イッサン]を博す。,一粲,自作の詩文などを贈るときのへりくだった言い方。どうぞお笑いくださいの意。
逞筆◆３,360,1206,命が[ス]える。,饐,死にぞこない、または、おまえは死ぬことにきまったとののしる時のことば。
逞筆◆３,361,1207,命を[ゲイゲイ]の腮に懸く。,鯨鯢,船板一枚の危険な生活のたとえ。
逞筆◆３,362,1208,田走るより[クロ]走れ。,畔,遠回りでも安全で確実な方法を選んだほうが結局は得であるというたとえ。急がば回れ。
逞筆◆３,363,1209,瓦の窓、縄の[トボソ]。,枢,貧しい家のありさま。
逞筆◆３,364,1210,陰陽を[ショウリ]す。,燮理,陰と陽の二気をやわらげ調整する。中国古代の政治思想で、すぐれた政治を行なうこと、聖天子の政治の行ない方などのたとえ。
逞筆◆３,365,1211,植木屋の[セリ]分け。,糶,気が多い。「木」を「気」とかけたしゃれ。
逞筆◆３,366,1212,水鳥[クガ]に惑う。,陸,勝手が違ってまごまごするたとえ。
逞筆◆３,367,1213,于公[モンリョ]を高大にす。,門閭,陰徳を行う者は、その子孫が栄える。
逞筆◆３,368,1214,内に怨女無く、外に[コウフ]無し。,曠夫,男女がそれぞれ平安に一夫一婦の夫婦生活を営むこと。
逞筆◆３,369,1215,生まるる子の[エナ]に親の定紋。,胞衣,生まれつき備わっている子の格式。
逞筆◆３,370,1216,[エンチョウ]悲歌の士。,燕趙,国を憂え、慷慨する人。
逞筆◆３,371,1217,王臣[ケンケン]躬の故にあらず。,蹇蹇,臣下が、わが身の利害を忘れて、君王に忠義を尽くすこと。また、そのようでなければならないという理念をいう。
逞筆◆３,372,1218,王良車に登れば馬に[ヒド]無し。,罷駑,名君が国を治めると人民が立派になってよく治まるというたとえ。
逞筆◆３,373,1219,[オオヌサ]の引く手あまた。,大幣、大帛,多数の人々から親しく交際を求められること。
逞筆◆３,374,1220,初手はちょろちょろ中かっか末は[オキビ]。,熾火、燠火,飯をたくときの初めから終わりまでの火加減をいうことば。
逞筆◆３,375,1221,山の神に[オコゼ]。,鰧、虎魚,好物を見て喜ぶさまのたとえ。
逞筆◆３,376,1222,釈迦が[ゲンゾク]してきても。,還俗,たとえどのようなことがあろうとも。
逞筆◆３,377,1223,女郎の千枚[ギショウ]。,起請,女郎が、金にさえなれば何人の客にでも起請を書くこと。また、一般に信用できないことのたとえ。
逞筆◆３,378,1224,[オボコ]の臍。,未通女,非常に気の小さいことのたとえ。
逞筆◆３,379,1225,[カネ]を付ける。,鉄漿,①お歯黒をつける。②栗の実や蚕豆（そらまめ）が成熟して黒くなる。③土蔵の中の品をぬすむ。また、土蔵に黒い腰板をはる。盗人仲間の隠語。
逞筆◆３,380,1226,[ガ]を枉ぐ。,駕,貴人がわざわざ訪れる。来訪することをいう尊敬語。
逞筆◆３,381,1227,[ガイカン]事定まる。,蓋棺,生きている間には公平な判断はできない。
逞筆◆３,382,1228,[シュウシ]の化。,螽斯,夫婦が和合して子供を多く作り、子孫が繁栄することのたとえ。
逞筆◆３,383,1229,[カカツ]の親。,瓜葛,親類の縁が広がりつながること。
逞筆◆３,384,1230,天津橋上[トケン]の声を聞く。,杜鵑,邵康節が洛陽の天津橋上でホトトギスの声を聞き、地気（精気）が南に移り、天下の乱れることを予知した故事。
逞筆◆３,385,1231,[カク]、脹満医者いらず。,膈,膈や脹満になったら医者を呼んでもしかたがない。
逞筆◆３,386,1232,[カズキ]着た御居処はつめられず。,被衣,相手が上品だと、へたな手出しをすることができない。※御居処（おいど）＝尻。
逞筆◆３,387,1233,風[ショウショウ]として易水寒し。,蕭蕭,風はものさびしく吹き、易水の流れは冷たい。
逞筆◆３,388,1234,三界の火宅、[シク]の露地。,四衢,苦しみの絶えない人間界と、それを離れたやすらかで静寂な世界。
逞筆◆３,389,1235,[カツ]え坊主が斎に会ったよう。,餓,がつがつして食べることをいう。
逞筆◆３,390,1236,紙屋の[ホウグ]でしわくたじゃ。,反古、反故,着物などがしわくちゃになったとき、また、人の顔が皺だらけである時などに言うしゃれ。
逞筆◆３,391,1237,[カユ]相揜わず。,瑕瑜,長所と欠点をともにあらわして、隠さないことのたとえ。※揜う（おお-う）※漢検対象外
逞筆◆３,392,1238,[カン]を掛く。,冠,辞職する。
逞筆◆３,393,1239,[カンケン]を叙す。,寒暄,時候の挨拶をする。
逞筆◆３,394,1240,[カンショウ]病みの汚いもの知らず。,癇性、癇症,病的に潔癖な人は、かえって普通の人の以上のきたないことをして気がつかないでいる。
逞筆◆３,395,1241,[カンセン]枯木を抱く。,寒蟬,その場を離れようとしないことのたとえ。
逞筆◆３,396,1242,[カンゼン]氷釈する。,渙然,氷がとけるように疑問や迷いなどが解ける。
逞筆◆３,397,1243,[カントウ]の愛。,甘棠,人民が為政者の徳を慕って寄せる情のたとえ。
逞筆◆３,398,1244,[カンバセ]を犯す。,顔,目上の人に、あえて自分の考えを言う。面（おもて）を犯す。
逞筆◆３,399,1245,鞿を以て[カントツ]を御す。,駻突,軽い、おだやかな刑罰によって悪人の行動をおさえようとすることのたとえ。※鞿（キ）＝おもがい。※漢検対象外
逞筆◆３,400,1246,[キカク]の思い。,亀鶴,不老長寿の願い。長生きの望み。
逞筆◆３,401,1247,[キカン]の禍。,鬼瞰,鬼神が、あまりに満ち足りおごっている家に罰として下すわざわい。
逞筆◆３,402,1248,[キガン]友を偲ぶ。,帰雁,春になって、雁が群れをなし、連なり飛んで行くのを見て、遠くにいる友をしのび、なつかしく思う。
逞筆◆３,403,1249,菊を[トウリ]の下に采り、悠然として南山を見る。,東籬,菊を東の垣根の下に折り取り、ゆったりとした気持ちで南方に見える山を眺め見る。貧に安んじ、心にもの思うこともなく、自然を楽しんで生きる日常生活の心境。
逞筆◆３,404,1250,[キシ]連抱にして数尺の朽あるも良工は棄てず。,杞梓,その人の長所を生かして使うのが人材を生かす道だというたとえ。
逞筆◆３,405,1251,柄の無い所に柄を[ス]げる。,挿,無理に理屈をこねる。さまざまな口実を設ける。
逞筆◆３,406,1252,[キハダ]を嘗めた啞のよう。,黄檗、檗,口をきけない人が黄檗を嘗めてもその苦さを口で表現することができないように、遭遇した艱難辛苦を他人にうまく表現できない。思いがけず苦い目にあった人の表情などをたとえていう。※啞（おし）※漢検対象外の読み
逞筆◆３,407,1253,箕売り笠にて[ヒ]る。,簸,箕を売る人が、自分では箕を使わず、笠で代用する。
逞筆◆３,408,1254,[ギュウシュウ]馬勃敗鼓の皮。,牛溲,価値の無いもの、役に立たないもののたとえ。
逞筆◆３,409,1255,[キョウテイ]に秘す。,筐底、篋底,人に見られないように、箱の奥深くしまっておく。
逞筆◆３,410,1256,[ギョロ]を弁ぜず。,魚魯,字の形が似ていて区別がしにくいこと。また、その違いがわからないこと。
逞筆◆３,411,1257,轆轤首が[キラズ]を食う。,雪花菜,すぐ詰まることのたとえ。
逞筆◆３,412,1258,[キン]を懐き瑜を握る。,瑾,内に高徳をもっている人のたとえ。
逞筆◆３,413,1259,瑾を懐き[ユ]を握る。,瑜,内に高徳をもっている人のたとえ。
逞筆◆３,414,1260,[キンラン]着るか薦着るか。,金襴,成功して金襴の衣を着る立派な身分になるか、または乞食となってこもを着るか。
逞筆◆３,415,1261,口吸うと[シュモツ]にいえば耳立たず。,腫物,膏薬で腫れ物の膿を吸い出すのも、傷の口を吸う（接吻）といえば聞こえがよい。
逞筆◆３,416,1262,[グリ]を舞う。,屈輪,屈輪の連続した渦巻き文様のように、あれこれ考えても、考えがまとまらないで、あわてることのたとえ。
逞筆◆３,417,1263,群玉[ヨウダイ]の仙境。,瑶台,西王母が住むという珠玉で飾りたてた宮殿。
逞筆◆３,418,1264,鶏鳴に起き[ジジ]として善をなす。,孳孳,早起きをして、一所懸命励んでよい行ないをする。
逞筆◆３,419,1265,[ケイヨウ]は少なきを以て貴なりとし、石礫は多きを以て賤しとす。,瓊瑶,数少ないものが尊ばれることのたとえ。
逞筆◆３,420,1266,瓊瑶は少なきを以て貴なりとし、[セキレキ]は多きを以て賤しとす。,石礫,数少ないものが尊ばれることのたとえ。
逞筆◆３,421,1267,[ケイリン]の一枝、崑山の片玉。,桂林,少しばかりの出世のたとえ。出世したことを謙遜していう語。また、科挙に合格したことを謙遜していうことば。転じて、容易に得がたい人物や物事。また、高潔で世俗を抜け出ている人物のたとえ。
逞筆◆３,422,1268,下衆無い[ジョウロウ]は成らず。,上﨟,すべてこの世は身分の上下貴賤があってはじめて成り立つものだ。
逞筆◆３,423,1269,[ケツ]を助けて虐を為す。,桀,悪人と結んで悪事をはたらく。
逞筆◆３,424,1270,[ケラ]の子は卵から頷く。,啄木鳥,生まれながらにして、将来を思わせる才能があることのたとえ。
逞筆◆３,425,1271,[ケラツツキ]の子は卵から頷く。,啄木鳥,生まれながらにして、将来を思わせる才能があることのたとえ。
逞筆◆３,426,1272,[フケイ]短しといえども之をつがば則ち憂えん。,鳧脛,物には、それぞれにふさわしい自然の特徴があるから、いたずらに手を加えたりしないで自然のままに従うのがよいということ。
逞筆◆３,427,1273,[ゴゼ]の日高に着いたよう。,瞽女,遅くなるはずなのに、意外に早く到着することのたとえ。
逞筆◆３,428,1274,[コ]ならず聾ならざれば公たる能わず。,瞽,ささいな見聞にこだわるようでは、人を治める立場にはなれない。
逞筆◆３,429,1275,高山[シュンゲン]草木を生ぜず、松柏の地は其の土肥えず。,峻原,きびしく取り立て、また土木事業などによって国民を休む間もなく働かせれば、その国は弱って滅亡するというたとえ。
逞筆◆３,430,1276,孔子に[トウセキ]。,盗跖,最善のものがあれば、反対に最悪のものがある。
逞筆◆３,431,1277,[コウトク]に縊る。,溝瀆,つまらない死に方のたとえ。
逞筆◆３,432,1278,[リュウセツ]にして竜顔。,隆準,鼻柱が高く通って、顔が竜のようだ。高祖（劉邦）のなみなみでない面相の表現。
逞筆◆３,433,1279,衡門の下以て[セイチ]すべし。,棲遅、栖遅,粗末な家でも、住めば心楽しく安らぎの日々を送るにふさわしい。
逞筆◆３,434,1280,[コウリョウ]の子弟。,膏粱,富貴の家に生まれた者。
逞筆◆３,435,1281,後家の見せかけ数珠は奥[モミ]。,紅絹、紅,後家が、おもてむきは数珠をつまぐりならが亡夫の跡をとむらい、さも殊勝らしくしているけれども、その実、喪服の裏地に扇情的な紅絹をまとっていること。
逞筆◆３,436,1282,[コケイ]を守る。,孤閨,夫が死亡したり、または旅行中で長期不在の間など、妻がつつましく家を守って生活すること。
逞筆◆３,437,1283,[コゴ]み女に反り男。,屈,女はやや前かがみの姿勢が見よく、男は後へやや反った姿勢が見よい。
逞筆◆３,438,1284,志合えば胡越も[コンテイ]たり、志合わざれば骨肉も讐敵たり。,昆弟,真に人と人とが結ばれるのは地縁でも血縁でもなく、こころざしが一致するかどうかによる。
逞筆◆３,439,1285,[コス]い子身をもたぬ。,狡,わるがしこい者は、はじめはうまくやっていても、いつかは失敗して破滅する。
逞筆◆３,440,1286,無功の賞は不義の富禍の[ナカダチ]なり。,媒,功績のない者に賞を与えるのは、道にはずれた富を与えることであり、わざわいを招くもとになるから、すべきではない。
逞筆◆３,441,1287,[コノテガシワ]の二面。,側柏、児手柏,コノテガシワの葉が表裏いずれとも定めにくいこと。転じて、物事がいずれか定めがたいことのたとえ。
逞筆◆３,442,1288,[コハン]は見易く人斑は見難し。,虎斑,虎の斑点はよく見えるが、人の心の中はそう簡単に見分けることができない。
逞筆◆３,443,1289,[コビン]が禿げる。,小鬢,この上なくうまいものを食べた時のさま。頰が落ちるよう。
逞筆◆３,444,1290,[ゴマ]の灰。,護摩,旅人をだまして金品を奪う者。
逞筆◆３,445,1291,[サライ]の食。,嗟来,無礼な態度で与えられる食物のこと。
逞筆◆３,446,1292,嗟来の[シ]。,食,無礼な態度で与えられる食物のこと。
逞筆◆３,447,1293,道傍の[クリ]。,苦李,人に見向きもされないことのたとえ。
逞筆◆３,448,1294,之を東隅に失い[ソウユ]に収む。,桑楡,初めに失敗したことを、後に回復する。
逞筆◆３,449,1295,[コンリョウ]の袖に隠れる。,衮竜,天子の権威の陰で勝手に振る舞う。
逞筆◆３,450,1296,[サ]を投ぐる間。,梭,ごく短い時間、または、歳月が早く過ぎることのたとえ。
逞筆◆３,451,1297,[コウコウ]夢に入る。,箜篌,後来自分の妻となるべき人を夢に見ること。
逞筆◆３,452,1298,鍋の[サカヤキ]石の髭。,月代、月額,見たことのない物、あるべからざる物のたとえ。
逞筆◆３,453,1299,[セイサク]を奉ず。,正朔,王の統治に服従する、臣民となる。
逞筆◆３,454,1300,三月の桜[ザ]め。,褪,桜の花の色はさめやすいところから、飽きやすいことのたとえ。陰暦三月の嫁入り、嫁迎えを避ける際にいう。
逞筆◆３,455,1301,[ザンゼン]を保つ。,残喘,やっと生きながらえている。なんとか生き残っている。
逞筆◆３,456,1302,紫燕は柳樹の枝に戯れ白鷺は[リョウカ]の蔭に遊ぶ。,蓼花,燕は柳の枝をぬって飛びかい、白鷺は蓼の花の近くで遊ぶ。それぞれ自分に応じた連れ、相手のあることにいう。
逞筆◆３,457,1303,仕置き場の[スリ]。,掏摸、掏児,どんな所にでも悪人はいるものだ。また、根っからの悪人のこと。
逞筆◆３,458,1304,[シカ]が見える。,疵瑕,人の欠点はよくわかる。
逞筆◆３,459,1305,[シシュ]を遺さず。,錙銖,少しの落ち度もないこと。あますところがないこと。
逞筆◆３,460,1306,[シズ]が伏せ屋に月もさす。,賤,風流に貴賤の別はないというたとえ。
逞筆◆３,461,1307,七仏通戒の[ゲ]。,偈,釈迦牟尼仏など過去七仏が通戒（略戒）とした簡略に諸仏の教戒を示した偈。
逞筆◆３,462,1308,しつこい坊主に[ダンナ]がない。,檀那,しつこい者は人に嫌われるというたとえ。
逞筆◆３,463,1309,[シモク]大なれど視ること鼠に若かず。,鴟目,大も小に及ばぬことがあるというたとえ。
逞筆◆３,464,1310,[シャク]を飛ばす。,錫,修行僧が各地を遍歴する。行脚する。
逞筆◆３,465,1311,[ジャクマク]の枢。,寂寞、寂漠,ものさびしく静かな隠者の住居。
逞筆◆３,466,1312,[シャコク]撃つ。,車轂,人や車の往来の激しいさま。
逞筆◆３,467,1313,書は道を求むる[センテイ]なり。,筌蹄,書物は、学問の道を学びきわめるために必要な手段である。
逞筆◆３,468,1314,[ショウ]を乞いて酒を得る。,漿,希望した以上のよい物を得ることのたとえ。
逞筆◆３,469,1315,糞土の[ショウ]は杇るべからず。,牆,性根のしっかりしない者は教えるかいもないというたとえ。また、「糞土の牆」だけで、怠け者、教育しがいのない者をいう。
逞筆◆３,470,1316,[ショウカ]遥かに聴く孤雲の上、聖衆来迎す落日の前。,笙歌,雲の上から音楽が聞こえ、極楽の諸菩薩が西から入り日の輝きを背負って迎えにやってくる。寂昭上人が荘厳な極楽往生のさまを詠んだという詩句。
逞筆◆３,471,1317,[ショウキ]大臣の棚から落ちたよう。,鍾馗,いばっていた者がしくじって、面目まるつぶれでみじめなさま。
逞筆◆３,472,1318,常山の[ダセイ]。,蛇勢,どこから見ても隙や欠点がないこと。また、隙や欠点のない陣の態勢のこと。
逞筆◆３,473,1319,小便[タゴ]にも小波。,担桶,よい悪いの差はあっても物本来の性質は変わらないというたとえ。
逞筆◆３,474,1320,[ショウラ]の契り。,松蘿,松の木によく松蘿がからみつくように、からみついて離れない深い愛情。
逞筆◆３,475,1321,奴は[ヒ]を見て慇懃。,婢,身分の低い者は、同じような立場の者に親しみを感じるのが人情だというたとえ。
逞筆◆３,476,1322,[シンイキ]を撤して諸生を待つ。,畛域,師弟のわくをこえて、門弟に接する。
逞筆◆３,477,1323,[ソシシ]の空国。,膂宍,肥沃でない土地。
逞筆◆３,478,1324,[カクケイ]長しと雖もこれを断たばすなわち悲しむ。,鶴脛,物にはおのおの自然に備わった特性があるので、みだりに人為を加えてはいけない意。
逞筆◆３,479,1325,[コウユ]の地。,膏腴,地味が肥えて作物のよく実る土地。
逞筆◆３,480,1326,[ユウヒ]の夢。,熊羆,夢に熊やひぐまを見るのは男子出産の瑞祥である。
逞筆◆３,481,1327,[ゲンゲン]相摩す。,舷舷,水上の激しい戦いのようす。
逞筆◆３,482,1328,四十[シンゾ]五十島田。,新造,年輩の女性が年齢不相応の若い服装、化粧などをすること。三十振り袖四十島田。
逞筆◆３,483,1329,[チョキ]が親船。,猪牙,比較にならないほど弱小であることのたとえ。また、弱小な者が強大な者にたちむかうことのたとえ。
逞筆◆３,484,1330,昨日の[ダイジン]、今日の乞食。,大尽,人の身のうつり変わりがはげしいことのたとえ。
逞筆◆３,485,1331,無尽の[タノモシ]を頼むよう。,頼母子,無尽や頼母子への加入を人に頼むときのように、あれこれ説明し、一生懸命頼み込むさま。
逞筆◆３,486,1332,[フウジン]の警。,風塵,兵乱のこと。
逞筆◆３,487,1333,[ヨバリ]垂れ嫌うて夜糞垂れ貰うた。,夜尿,妻と離縁し、再婚してみると前妻よりひどい女だった。
逞筆◆３,488,1334,[フウヨウ]衰えて盧橘花開く。,楓葉,秋から冬への季節の移り変わり。また、衰えるものがあれば一方では栄えるものがあるというたとえ。
逞筆◆３,489,1335,類を出で[スイ]を抜く。,萃,多数の中にあって、特別に秀でている。
逞筆◆３,490,1336,[ツム]の緒の切れたよう。,紡錘、錘,物事が中途で切れてあとが続かないさまのたとえ。
逞筆◆３,491,1337,臍が[ニットウ]渡天する。,入唐,あんまりおかしくって臍が唐から天竺へまでも渡って行く。臍が茶を沸かす。
逞筆◆３,492,1338,上方[ゼイロク]に広島乞食。,贅六,上方の人と広島の人をののしっていうことば。
逞筆◆３,493,1339,[シュウゴウ]を析つ。,秋毫,きわめてこまかいところまで分析する。大変こまかい計算をする。
逞筆◆３,494,1340,[リョウキ]の足を絆して責むるに千里の任を以てす。,良驥,能力と才能のある者でも自由に活動できる条件を与えなくては要求するだけの業績をあげられるはずがないというたとえ。
逞筆◆３,495,1341,徒居しょうより膝麻[ウ]め。,績,ひまがあったら、無為に過ごさないで少しでも働け。
逞筆◆３,496,1342,[オウゴ]を折る。,朸,朸をになって商うような小売商人が再び商いができないほど失敗する。
逞筆◆３,497,1343,[センチ]の火事。,雪隠,やけくそ。
逞筆◆３,498,1344,夜明けの[ピンゾロ]。,一揃,博打や遊興などで夜を明かして帰った夫に女房が両目をむいて怒るさま。また、その女房をしゃれていう。
逞筆◆３,499,1345,我が物いらずの[センジョウ]張り。,僭上,自分のふところを痛めずにおごること。人の物を使って贅沢をすること。
逞筆◆３,500,1346,乗り合い船の[ヒゼン]搔き。,皮癬、癬,周囲に迷惑なもののたとえ。
逞筆◆３,501,1347,仁王の[シラクモ]。,白癬、白禿瘡,誰も気がつかない、とりざたする者もないというしゃれ。
逞筆◆３,502,1348,[ソコウ]橡を賦る。,狙公,朝三暮四。※賦る（くば-る）※漢検対象外の読み
逞筆◆３,503,1349,尺牘[ショソ]は千里の面目。,書疏,手紙の字が上手であると、はるかな遠方や後世までも自分の名誉が保たれる。
逞筆◆３,504,1350,[テイエイ]の音。,鄭衛,野卑または猥褻で風俗を乱す音楽。
逞筆◆３,505,1351,[テイセイ]雅を乱る。,鄭声,鄭の国の歌や音楽はみだらで、上品な音楽や風俗を乱す。
逞筆◆３,506,1352,ちゃっちゃの[ヒコ]。,曽孫,非常に背の低い小さな人のたとえ。
逞筆◆３,507,1353,なりに似せて[ヘソ]を巻く。,巻子、綜麻,同じ事柄でもそれをする人それぞれの性格によって、出来上がりに差異が出てくる。
逞筆◆３,508,1354,更に[ナシジ]の重箱。,梨子地,まったくない。
逞筆◆３,509,1355,忠臣蔵は歌舞伎の[ドクジントウ]。,独参湯,忠臣蔵がいつ上演してもあたる狂言であることをいう。
逞筆◆３,510,1356,煢煢として[ゲツリツ]し、形影相弔う。,孑立,寂しく一人ぼっちの生活をし、ただ自分の身と自分の影で互いに慰め合っている。
逞筆◆３,511,1357,[ハク]を散じて亡卒の遺骸を収む。,帛,仁君が戦死者を手あつく葬ること。
逞筆◆３,512,1358,存亡の[トキ]。,秋、龝,生き残るか滅亡するかの分かれ目の重要な時機・場合。
逞筆◆３,513,1359,[ハッコウ]日を貫く。,白虹,臣下の兵が、君主に危害を加える前兆。
逞筆◆３,514,1360,[デイリ]に土塊を洗う。,泥裏、泥裡,汚れや醜さの度合いがはなはだしいことのたとえ。
逞筆◆３,515,1361,神を[シ]うる者は、殃い三世に及ぶ。,誣,神をあざむく者は、わざわいが三世にまで及ぶ。
逞筆◆３,516,1362,[モンドリ]を打つ。,翻筋斗,宙返りをする。頭からころがる。とんぼがえりをする。もどりを打つ。もんどりを切る。
逞筆◆３,517,1363,泰山頽れ[リョウボク]折る。,梁木,人君子の死をたとえていう。孔子が自分の死を予感して歌ったという。
逞筆◆３,518,1364,[セイタイ]が立て板に香炉木の墨。,青黛,美しい黒髪のたとえ。
逞筆◆３,519,1365,[インツウ]沢山。,員子、銀子,金銀がたくさんあること。お金がふんだんにあること。
逞筆◆３,520,1366,尺沢の[ゲイ]。,鯢,見識の狭いたとえ。
逞筆◆３,521,1367,[ゼンダク]を重んじる。,然諾,一度引き受けたことは何があってもやりとげる。
逞筆◆３,522,1368,伊達の[スアワセ]。,素袷,粋に見せようとして、寒いときにも我慢して薄着でいること。伊達の薄着。
逞筆◆３,523,1369,火を恋う[セイガ]は焰に焼かれ、花を貪る胡蝶は蜘蛛の網にかかる。,青蛾,物事に執着したために、身を滅ぼすことのたとえ。また、進んで災難を身に受けることのたとえ。夏の虫飛んで火に入る。※網（い）※漢検対象外の読み
逞筆◆３,524,1370,[チトウ]春草の夢。,池塘,若い日の楽しみのうつろいやすくはかないことのたとえ。
逞筆◆３,525,1371,[チグ]の縁。,値遇,前世の宿縁によって現世でまれにめぐり合う、深い関係。
逞筆◆３,526,1372,[ノウテイ]の智。,囊底,ありったけの知恵。
逞筆◆３,527,1373,馳走[タッパイ]。,答拝,客などにていねいなもてなしをすること。
逞筆◆３,528,1374,伯氏壎を吹き仲氏[チ]を吹く。,篪,兄弟が仲のよいさま。
逞筆◆３,529,1375,伯氏[ケン]を吹き仲氏篪を吹く。,壎,兄弟が仲のよいさま。
逞筆◆３,530,1376,[ソウカク]の好。,総角,幼いころの交友。おさな友だち。
逞筆◆３,531,1377,一夜[ケンギョウ]向こう見ず。,検校,一攫千金ばかりを夢みて、将来の事など考えない。博徒の生活態度などをいう。
逞筆◆３,532,1378,沖の[ハマチ]。,魬,あてにならないことのたとえ。
逞筆◆３,533,1379,擂り粉木に[シメ]。,注連、標、七五三,不似合いなさまのたとえ。
逞筆◆３,534,1380,[ヒヂリメン]虎の皮より恐ろしい。,緋縮緬,商売女はおそろしい。
逞筆◆３,535,1381,両脚の[ショチュウ]。,書厨,ただいたずらに読書をするだけで、その本の意味をよく解することができない人。応用のきかない人をいう。
逞筆◆３,536,1382,[ユウコ]を綢繆す。,牖戸,災難に備える努力をすることのたとえ。
逞筆◆３,537,1383,[ユウチュウ]に日を窺う。,牖中,視野の狭いたとえ。知識や見識の浅薄なことのたとえ。
逞筆◆３,538,1384,[ヤチョ]にして介するもの。,野猪,イノシシに鎧を着せたような、向こう見ずな人のたとえ。猪武者。
逞筆◆３,539,1385,[オンボウ]も焼き賃。,隠亡,どんな職業にもそれぞれ相応の報酬があり、無報酬で働く者はいない。
逞筆◆３,540,1386,塗り箸[トロロ]。,薯蕷,いっこうにかからない、なかなかだまされない。
逞筆◆３,541,1387,枯魚索を銜む、幾何か[ト]せざらん。,蠹,人も同じようにはかなく短い命であるというたとえ。
逞筆◆３,542,1388,世は[ヌバタマ]の闇の儲け。,射干玉、野干玉、烏玉、烏珠,この世の闇に乗じて不当に儲けること。
逞筆◆３,543,1389,鼻毛で[ヤンマ]を釣る。,蜻蜓,鼻毛が長く伸びていることのたとえ。阿呆の鼻毛で蜻蛉を繫ぐ。
逞筆◆３,544,1390,狗尾をもて[チョウ]に継ぐ。,貂,冠を飾る貂がたりなくなるほど、官爵を濫発することのたとえ。また、善美なものの後に粗悪なものが続くことのたとえ。
逞筆◆３,545,1391,鶏鳴[クハイ]相聞こゆ。,狗吠,人家が隣接して続いているさま。
逞筆◆３,546,1392,鍋に耳あり[チロリ]に口あり。,銚釐,秘密のもれやすいことのたとえ。
逞筆◆３,547,1393,方枘を持って[エンサク]に内れんと欲す。,円鑿,物事の相合わないたとえ。※枘（ゼイ）※漢検対象外
逞筆◆３,548,1394,[チョウジョク]皆忘る。,寵辱,美しい景色にみとれるさま。
逞筆◆３,549,1395,[チュウサク]を帷帳の中に運らし、勝を千里の外に決す。,籌策、籌筴,大昭の幕中において軍略をめぐらし、勝を遠方の地に決する。張子房の材能を評した漢の高祖の言葉。
逞筆◆３,550,1396,[クバ]の心。,狗馬,君主など上位の者への忠誠の心をへりくだっていう語。
逞筆◆３,551,1397,黄髪[ハハ]に謀れば、則ち過つ所なし。,番番,すべてのことは髪の黄色になった老人に相談すれば、過ちなきを得る。秦の穆公の教え。
逞筆◆３,552,1398,高山に登らざる者は、[テンツイ]の患いを知ること無し。,顚墜,賢者は、物事に慎重で、徒に危険に近付いたりはしないというたとえ。
逞筆◆３,553,1399,[ヤカク]子を思う。,夜鶴,親の子に対する愛情が深いことのたとえ。夜の鶴。
逞筆◆３,554,1400,[ヤカク]鶏群に在り。,野鶴,大人物が仕官しないで俗世間の中で超然としていること、また、すぐれた人物が一人だけ、衆人の中で目立っていることをいう。
逞筆◆３,555,1401,[テニヲハ]が合わない。,弖爾乎波、天爾遠波,助詞・助動詞が正しく使われていない。言葉の用法がおかしい。文脈が整わない。また、話のつじつまが合わない。弖爾波が合わない。
逞筆◆３,556,1402,[リエン]の弟子。,梨園,玄宗の梨園で舞楽を習得した人。転じて、俳優、演劇人、特に歌舞伎役者をいう。
逞筆◆３,557,1403,[タナソコ]にめぐらす。,手底,自由に、思いのままに取り扱うことのたとえ。
逞筆◆３,558,1404,[エンブダイ]第一。,閻浮提,この世で第一のもの。世界一。
逞筆◆３,559,1405,[ヒアワイ]から日食を拝むよう。,廂間,斜視であるさま。
逞筆◆３,560,1406,朋友には相踰えず、[ハンパク]には提挈せざれ。,頒白、斑白、半白,友人と並んで歩く時には先に立たぬようにし、白髪まじりの老人には重い物を持たせないで自分がかわって持つようにせよ。
逞筆◆３,561,1407,朋友には相踰えず、頒白には[テイケツ]せざれ。,提挈,友人と並んで歩く時には先に立たぬようにし、白髪まじりの老人には重い物を持たせないで自分がかわって持つようにせよ。
逞筆◆３,562,1408,[テイトウ]も尚耳あり。,鼎鐺,聞き知っているはずなのに理解を示さない人をなじっていう。
逞筆◆３,563,1409,[シュウカ]敵せず。,衆寡,少数は多数にかなわないこと。戦争や勝負では人数が多いほうが有利であるということ。
逞筆◆３,564,1410,深き淵に臨まざる者は[ボツデキ]の患いを知ること無し。,没溺,経験豊かな知者は物の理をよく知っているからどんなときでも深い淵を臨むように恐れ慎んで行動するものだ。
逞筆◆３,565,1411,[トシ]女羅に付く。,菟󠄂糸、兎糸,男女の結合、結婚のたとえ。
逞筆◆３,566,1412,[トヒ]に歩みを失う。,都鄙,自分の立場を失って、どうしてよいか分からないでいるさま。
逞筆◆３,567,1413,兜を[イクビ]に着る。,猪頸、猪首,敵を恐れない、勇敢なさま。
逞筆◆３,568,1414,[エノコ]の火を踏みたるよう。,犬子、犬児、狗,驚きあわてるさま。
逞筆◆３,569,1415,牛縻に[トウ]を通す。,籐,牛の鼻に籐のつるを通して働かせるように、人を残酷に使う。
逞筆◆３,570,1416,[ハナヅラ]に籐を通す。,牛縻、鼻縻,牛の鼻に籐のつるを通して働かせるように、人を残酷に使う。
逞筆◆３,571,1417,疾痛[サンダツ]、未だ嘗て父母を呼ばざるはあらず。,惨怛,病気や痛みでひどく苦しみ、あるいは悲惨な逆境に立ったとき、父母の名を呼ばない者はない。忘れていた親を思い出す。それが人情の自然というものだ。
逞筆◆３,572,1418,[ドウボウ]の苦李。,道傍,人に見向きもされないことのたとえ。
逞筆◆３,573,1419,舎を[ドウボウ]に作れば三年にして成らず。,道傍,家を道ばたに建てようとして道行く人に相談していたら、議論百出していつまでたっても完成しないように、衆人の意見をいちいち聞いていたら何事もできない。
逞筆◆３,574,1420,焼け原に[ドウコ]引く。,銅壺,焼けた野原を銅壺を引きずって歩けばがらがらと大きな音がするところから、不愉快な騒音や、悪声のたとえにいう。焼け場に銅壺引きずる。焼け原を薬缶。
逞筆◆３,575,1421,けんにょう切れて胸[シワ]らす。,撓,心配ごとがふっきれて、胸のつかえが取れると、思い出したように空腹を感じる。
逞筆◆３,576,1422,[モクネン]和尚もお経読む。,黙然,生活のためには性格・気質・思想などに反することでもするものだ。また、自己の職業は捨てかねるものだというたとえ。
逞筆◆３,577,1423,[リカ]一枝春雨を帯ぶ。,梨花,美人の思い悩み、悲しむ姿のたとえ。
逞筆◆３,578,1424,一度食する事に便ち[カショク]の艱難を念う。,稼穡,食事をするごとに、その穀物を作り出した農民の苦労を思う。
逞筆◆３,579,1425,[ニュウク]人を搏ち伏鶏狸を搏つ。,乳狗,弱い者でも子どものためなら奮い立つたとえ。
逞筆◆３,580,1426,[イッコキュウ]三十年。,一狐裘,はなはだしく倹約することのたとえ。晏嬰の狐裘。
逞筆◆３,581,1427,[ネンサイ]の見。,燃犀,見識が豊かで事物を的確に見抜く能力のあるたとえ。
逞筆◆３,582,1428,[セキソ]五能一技を成さず。,碩鼠、石鼠,いろいろの芸を多く持っているのだが、一つも巧みなものがないこと。
逞筆◆３,583,1429,能書きと[チャボ]の時は当てにならぬ。,矮鶏,自己宣伝の文句は信用できない。
逞筆◆３,584,1430,良農は[スイカン]の為に耕さずんばあらず。,水旱,君子は貧しさに苦しんでも道をつとめるというたとえ。
逞筆◆３,585,1431,[バンシュウ]へ行って浄瑠璃語るな。,播州,播州には浄瑠璃語りの名人が多いので、恥をかくだけだ。
逞筆◆３,586,1432,杯中の[ダエイ]。,蛇影,疑いの目で見れば、何でもないことにまで悩んでしまうたとえ。
逞筆◆３,587,1433,[ナマヤイト]の皮を剝く。,生灸,好んで事を荒立てる、また、残忍・苦痛なことのたとえ。
逞筆◆３,588,1434,馬に乗りても[ヘノコ]安からず。,陰核,あらゆる点で楽ができる手段はないというたとえ。
逞筆◆３,589,1435,[テッパツ]ひっかける。,鉄鉢,冷や酒を大杯や升で飲むこと。
逞筆◆３,590,1436,[マサゴ]の数。,真砂,数が限りなく多いこと。
逞筆◆３,591,1437,一飯の[ケイ]。,頃,一度の食事に要するほどのわずかな時間。
逞筆◆３,592,1438,鼠と[コビキ]は引かねば食われぬ。,木挽,鼠が食物を引きずって盗んでいかないと食っていけないように、木挽きも毎日のこぎりをひかなければ生活していけない。
逞筆◆３,593,1439,話は[コウシン]の晩。,庚申,話は時間のある庚申の晩にでもゆっくりすることにして、今はやめておこう。
逞筆◆３,594,1440,[ショウ]を聞くこと三月、肉の味わいを知らず。,韶,孔子は力によらず、徳を持って世を治めた聖天子舜をたたえた音楽「韶」を学ぶこと三か月間、その美に酔って、ものを食べてもその味がわからない有り様だった。孔子の門人の言葉。
逞筆◆３,595,1441,盤根[サクセツ]に遇いて利器を知る。,錯節,その人物のすぐれた実力は、解決の困難な事柄にどう対処するかをみなければ知ることはできないというたとえ。
逞筆◆３,596,1442,[ヒホウ]風に乗ず。,飛蓬,勢いに乗ることのたとえ。
逞筆◆３,597,1443,義経の[ハッソウ]飛び。,八艘,源義経が壇の浦の戦で能登守平教経に追われて、八艘の船を飛び越えたこと。また、そのように身軽に飛びまわるさま。
逞筆◆３,598,1444,[ヒセキ]の心。,匪石,節操が堅く何事にも動じない堅固な心のたとえ。
逞筆◆３,599,1445,耕は当に奴に問うべく、織は当に[ヒ]に問うべし。,婢,物事は、それぞれその道の専門家に聞くのがよく、身分などはその際には関係ない。
逞筆◆３,600,1446,[ヒゼン]として章を成す。,斐然,学問や修養が一通り成就していてりっぱなこと。あるいはそうなることのたとえ。
逞筆◆３,601,1447,一日見ざれば[ヒリン]生ず。,鄙吝,高潔な人に接することの大切さをいう。
逞筆◆３,602,1448,[エンピ]を伸ばす。,猿臂,腕を長くのばす。
逞筆◆３,603,1449,[ユウヒ]の士。,熊羆,勇猛な士。勇武の人。
逞筆◆３,604,1450,[ビロク]の姿。,麋鹿,野鄙なことのたとえ。また、自己の容貌を謙遜していう。
逞筆◆３,605,1451,寒さひだるさ[ナワシロ]時。,苗代,苗代をつくるころは、水も冷たく寒さが身にこたえ、日も長くなり空腹で悩まされる。
逞筆◆３,606,1452,文字[キナカ]盗まぬ人。,半銭、寸半,きわめて潔白な人。
逞筆◆３,607,1453,[バクコヤ]の山。,藐姑射,①中国で、不老不死の仙人が住むという想像上の山の名。姑射山。②上皇または法皇の御所を祝っていう語。仙洞。
逞筆◆３,608,1454,[ビンズル]ほど塗る。,賓頭盧,白粉などを顔一面に厚く塗りたてる。
逞筆◆３,609,1455,[モガサ]靨に見える。,痘瘡、痘、疱、皰,惚れた目には欠点までも長所に見えるというたとえ。痘痕も靨。
逞筆◆３,610,1456,不善人と居るは[ホウギョ]の肆に入るが如し。,鮑魚,塩漬けの魚を売る店にいると自然とその臭気にそまるように、悪人と一緒にいれば、悪に染まるようになる。朱に交われば赤くなる。
逞筆◆３,611,1457,[ジョウ]に立つの馬を見ずや。,仗,儀仗兵の馬を見るがよい。その馬が一度でも鳴けば、すぐ儀仗の列から退けられてしまう。朝政のあやまちを奏上する役人に対して、政治に口出しするなという宰相李林甫のおどかし。
逞筆◆３,612,1458,用いられぶり[チョウナ]頭。,手斧,手斧のかしらの部分が突き出しているところから、さし出がましい者のたとえ。
逞筆◆３,613,1459,[フキン]時を以て山林に入る。,斧斤,木を増やすためには、樹木を伐るに適した時期に伐採し、乱伐しない。政治を行なうにあたって肝要な心がまえをいう。
逞筆◆３,614,1460,[フサク]の痕。,斧鑿,詩文などで、いろいろと技巧をこらしたあと。
逞筆◆３,615,1461,[フシ]食ったよう。,五倍子、付子、附子,にがりきった顔のさま、また、見るからに厳格らしいさま。
逞筆◆３,616,1462,負け惜しみは一生[モンモウ]。,文盲,負け惜しみをしていると、すなおに人に聞くことができないから、いつまでたったも無知のままで過ぎてしまう。
逞筆◆３,617,1463,[フソ]の嚇。,腐鼠,いやしい心をもつ者が、その心で他をおしはかって威圧的な態度をとること。
逞筆◆３,618,1464,[マイマイツブリ]も一軒の主。,舞舞螺,小さくても主は主だというたとえ。
逞筆◆３,619,1465,[コウフン]を洩らす。,口吻,ことばのはしばしからそれと想像できるようなものいいをする。それとわかるようなことばつきをする。
逞筆◆３,620,1466,大丈夫事を行うや、当に礌礌落落、日月の[キョウゼン]たるが如くなるべし。,皎然,男子が事を行う場合には、礌礌落落、日月の明らかなのと同じように、影暗い所のない行動をしなければならない。みずから帝を称した後趙の石勒のことば。※礌（ライ）※漢検対象外
逞筆◆３,621,1467,[タイレイ]の誓い。,帯厲、帯礪,永く変わらない固い誓約のこと。また、国が永遠に栄えることのたとえ。河山帯厲。
逞筆◆３,622,1468,[チンサイ]の厄。,陳蔡,旅の途中で災難に遭うたとえ。
逞筆◆３,623,1469,[セキソウ]の臣。,刺草,一般の人民。平民が君主に対して自分をへりくだって言う。
逞筆◆３,624,1470,[キンソウ]の寵。,巾箱,箱に入れて常にかたわらに置き、離すことができないもの。
逞筆◆３,625,1471,[フボク]の地。,榑木、扶木,東方にある太陽が昇る地のこと。また、日本の異称。
逞筆◆３,626,1472,[ホンイク]の勇。,賁育,非常に気力が盛んで強いこと。
逞筆◆３,627,1473,[ホウエキ]の衣。,逢掖,袖の大きい着物のこと。
逞筆◆３,628,1474,[ソウライ]を辟く。,草萊,荒れ地を切りひらいて耕地にする。新分野を開拓する。また、乱れていた天下を治め統一することのたとえ。
逞筆◆３,629,1475,[ヘンキ]を賜う。,偏諱,将軍や大名などが功臣に、また元服時などに、自分の名の一字を与える。
逞筆◆３,630,1476,一沐に三たび髪を握り、一飯に三たび[ホ]を吐く。,哺,客が来たときに、食事中でも食べ物を吐き出して急いで迎える。熱意をもって人を迎える。為政者が賢者などを厚く迎えること。握髪吐哺。
逞筆◆３,631,1477,[ホベン]の罰。,蒲鞭,ガマの鞭で、罪人に恥を与えるだけの軽い罰。転じて、寛大な政治のこと。
逞筆◆３,632,1478,政は[ホロ]のごとし。,蒲盧,よい政治を行なえば、生長の早いガマやアシのように、すぐ、その効果があらわれる。一説に、政治も為政者が人民を強化して自らと同じになるよう努力すべきである。
逞筆◆３,633,1479,[セキジョウ]の因を結ぶ。,赤縄,男女の縁結びの原因を作る。
逞筆◆３,634,1480,老いの[カタウド]。,方人,年老いてその道の貴重な存在とされ、老人のため大いに気を吐く人。老人の味方。
逞筆◆３,635,1481,念者嫉妬は[カカ]以上。,嚊、嬶,男色関係での嫉妬は、夫婦間の嫉妬よりはげしい。
逞筆◆３,636,1482,[ヨウリュウ]の風に吹かるるが如し。,楊柳,柳が風に従ってなびくように、少しもさからわないさま。また、巧みに受け流すさま。
逞筆◆３,637,1483,貧乏寺の[オオガンドウ]。,大龕灯、大強盗,不似合いなもののたとえ。
逞筆◆３,638,1484,志士は[コウガク]に在るを忘れず。,溝壑,正しい道義を守ろうとする者は、困窮に陥りがちであり、死んでも葬式も行なわれず、みぞや谷間に死体が捨てられるくらいのことは、常に覚悟して行動している。
逞筆◆３,639,1485,謀る者をば近づけ[ザン]する者をば覆す。,讒,計略に巧みな臣を用い、一方、讒言などする者は亡ぼす。君主の心構えをいう。
逞筆◆３,640,1486,北向きの[ドウロクジン]。,道陸神,他の人と態度の違った人。
逞筆◆３,641,1487,[ホクシン]その所に居て衆星之に向かう。,北辰,北極星を中心にしてすべての星がめぐるように、君主が徳をもって政治を行なえば、すべての人が自然につき従う。
逞筆◆３,642,1488,[モクレンジ]は白くならず。,木欒子,もって生まれた性質は変えられないというたとえ。また、色の黒い女がお白粉をたくさん塗るのを揶揄していう。
逞筆◆３,643,1489,[ボク]として清風の如し。,穆,そよ風のようにおだやかである。人の柔和な性格の形容。
逞筆◆３,644,1490,牛溲[バボツ]敗鼓の皮。,馬勃,価値の無いもの、役に立たないもののたとえ。
逞筆◆３,645,1491,良田の[バンケイ]なるも日に二升を食う。,万頃,欲深く多くを手に入れても何の役にもたたないことのたとえ。千畳にも一畳。
逞筆◆３,646,1492,仏も百味の[オンジキ]。,飲食,仏だっていろいろの供え物を食べる。
逞筆◆３,647,1493,[ホロミソ]売りの夕立。,法論味噌,物を損なうことを恐れること。
逞筆◆３,648,1494,太平の[イツミン]。,逸民、佚民,世の中が平和なのをよいことに、世間をのがれて隠れている人。太平な時代に気ままな生活を楽しむ人。
逞筆◆３,649,1495,[ケンヨ]も無い。,権輿,何の心配もない。気にかけない。平気である。
逞筆◆３,650,1496,[ガンカ]の電。,巌下,眼光が明るく輝いて鋭いさま。
逞筆◆３,651,1497,以て[メイ]すべし。,瞑,それによって、安らかに死ねるだろう、それくらいできれば、死んでもよい、それで満足すべきだという気持ちを表わす。
逞筆◆３,652,1498,[メイレイ]子有れば蜾蠃之を負う。,螟蛉,ジガバチが青虫を背負って我が子とする。有徳の士が教えによって民衆を教化することのたとえ。※蜾蠃（カラ）＝似我蜂の別名。※漢検対象外
逞筆◆３,653,1499,博奕博労[イサバ]。,五十集,ぼろいもうけをするかと思えば大損をする、山気の多い商売を並べたことば。博奕博労生五十集。
逞筆◆３,654,1500,[モウロウ]の言。,孟浪,とりとめもない妄言。でたらめな話。根拠のない言説。
逞筆◆３,655,1501,[モウ]を発き落を振るうが如し。,蒙,物事のきわめて容易なことのたとえ。
逞筆◆３,656,1502,君命は[モダ]し難し。,黙,主君の命令にはそむくわけにゆかない。
逞筆◆３,657,1503,[アダシノ]の露、鳥辺野の煙。,仇野、化野、徒野,人生のはかなさ、無常のたとえ。露も煙もはかなく消えるところからいう。
逞筆◆３,658,1504,[ソウユ]且に迫らんとす。,桑楡,死期がしだいに近づき迫ってくる。
逞筆◆３,659,1505,鶏初めて[ツル]む。,交尾、遊牝,鶏は冬季に巣をつくり、初めて交尾する。
逞筆◆３,660,1506,世挙ってこれを誉むるとも[ヒトエ]に勧むことを加えざれ。,偏,世人がそろっておだてたとしても、悪と思うことはしてはならない。
逞筆◆３,661,1507,[ゴウレイ]自ら用う。,剛戻,強情で他人の説を用いず、自分の思い通りに事を行なう。
逞筆◆３,662,1508,[コクサク]の餼羊。,告朔,古くからの習慣は実質的な意義を失って虚礼となっていても、害がなければむやみに廃止すべきではないというたとえ。また、その実を失って形式ばかり残っていることのたとえ。※餼羊（キヨウ）＝告朔の儀式に供えるいけにえの羊。※漢検対象外
逞筆◆３,663,1509,[ドンガメ]にお月様。,団亀,二つのものの優劣の差がはなはだしいことのたとえ。月と鼈。
逞筆◆３,664,1510,[モガリ]を逆様。,虎落,反対で役に立たないことのたとえ。
逞筆◆３,665,1511,養子児の[カン]の出たよう。,癇,養子にもらった子にむずかる癖が出たよう。とり扱いにくい、手のつけられないさまのたとえ。
逞筆◆３,666,1512,[ホトギ]を被って壁に向かうが如し。,缶、甌,かめをかぶって壁に向かって座っている人のように、前途の全くわからないこと。また、すぐ前にある危険に気づかず、自分からそれに近づくことのたとえ。
逞筆◆３,667,1513,[ツブガイ]の念仏。,螺貝、海螺貝,言っても言わなくてもよいような小言をぶつぶつ言うことのたとえ。
逞筆◆３,668,1514,[セイラン]の器。,青藍,出藍のほまれのある人物。師よりもまさる才能器量のある弟子。
逞筆◆３,669,1515,[リハク]一斗詩百篇。,李白,人並みはずれたすぐれた詩の才能をもち、酒豪であること。
逞筆◆３,670,1516,[カンリ]を貴んで頭足を忘る。,冠履,根本を忘れて末節のことにこだわること。
逞筆◆３,671,1517,人の[リカ]に寄る。,籬下,人の真似をすることのたとえ。
逞筆◆３,672,1518,[ハンリ]の鷃。,藩籬,垣根にとまるウズラ。転じて、見識のせまい小人のたとえ。※鷃（アン）＝鶉の一種。※漢検対象外
逞筆◆３,673,1519,[ヤスデ]、臭亀を笑う。,馬陸,他人の欠点には気づくが、自分の欠点には気付かないことのたとえ。目糞が鼻糞を笑う。
逞筆◆３,674,1520,[ショウキ]の立腹。,鍾馗,安物の強い悪酒。
逞筆◆３,675,1521,[カカイ]は細流を択ばず。,河海,大人物は度量が大きく、あらゆる人を包容するたとえ。人も他人の意見を広く聞かないと大成しないという戒め。
逞筆◆３,676,1522,[ズリョウ]は倒るる所に土を摑め。,受領,受領はどんな場合でも利益を得ようと心がけよ。転んでもただでは起きぬ。
逞筆◆３,677,1523,病[カクリン]に及ぶ。,獲麟,病気が重くなって臨終に近づく。
逞筆◆３,678,1524,九層の[ウテナ]は累土より起こる。,台、闍,小さな物の積み重ねが、結局は大をなすことのたとえ。
逞筆◆３,679,1525,[レイゲン]の資。,黎元,人民が頼みとするもとで。
逞筆◆３,680,1526,蝸牛の[ロ]。,廬,ささやかな住まい。蝸廬。
逞筆◆３,681,1527,[カギュウ]の廬。,蝸牛,ささやかな住まい。蝸廬。
逞筆◆３,682,1528,[ツユゴモ]りの葉月。,露隠,陰暦一一月の異名。
逞筆◆３,683,1529,[キュウサク]の六馬を馭するが如し。,朽索,困難で危険なことのたとえ。
逞筆◆３,684,1530,[ロウコ]として抜くべからず。,牢乎,かたくしっかりとしているさま、ゆるぎない様子を表す語。
逞筆◆３,685,1531,一丘の[カク]。,貉、狢,似たようなもののたとえ。同類のものをけなしていう語。多く悪者に対していう。
逞筆◆３,686,1532,[エンピ]の勢い。,猿臂,攻守や進退が自在にできる軍隊の体制をいう。また、遠方に陣地を設けること。
逞筆◆３,687,1533,亥豕の[カ]。,譌、訛,文字の書き誤りのこと。
逞筆◆３,688,1534,[カカイ]の盟。,柯会,約束を果たして、信頼を得ること。
逞筆◆３,689,1535,[カクメイ]の士。,鶴鳴,用いられることなく、不遇な状態にある賢人のこと。
逞筆◆３,690,1536,[キセツ]の僕。,羈紲、羈絏,主人の旅の供をする者のこと。従者、またその謙称。
逞筆◆３,691,1537,[キョウケイ]の性。,薑桂,年老いてますます剛直なこと。また、性質は簡単には変わらないことのたとえ。
逞筆◆３,692,1538,[ケイザン]の玉。,荊山,優秀で賢い人のこと。
逞筆◆３,693,1539,[コクチョウ]の裘。,黒貂,非常に高価なもののたとえ。
逞筆◆３,694,1540,[コジュ]、華を生ず。,枯樹,非常に困難の中で活路が開かれるたとえ。また、老い衰えた人が生気を取り戻すことのたとえ。
逞筆◆３,695,1541,[コソン]、袋に入る。,胡孫,官職につくなどして自由を奪われるたとえ。また、自由に物事ができないたとえ。
逞筆◆３,696,1542,涸轍の[フギョ]。,鮒魚,危機や困難が目の前にさしせまっていること。また、窮地に立たされた人のたとえ。
逞筆◆３,697,1543,[コンロン]、棗を吞む。,渾崙,人の教えをただ鵜吞みにするだけでは、その真理を会得することはできないということ。
逞筆◆３,698,1544,七種の[サイコウ]。,菜羹,七種の野菜の汁物。また、七種がゆ。七草粥。
逞筆◆３,699,1545,[シボク]の信。,徙木,約束を実行するたとえ。
逞筆◆３,700,1546,車は流水の如く馬は[ユウリョウ]の如し。,游竜,車馬の往来のにぎやかなさま。非常ににぎやかなさま。
逞筆◆３,701,1547,[ガイテイ]の君子は民の父母なり。,豈弟,道を楽しみ、心の平和を持っている君子は、一般の民の父母ともなるべき模範の人である。
逞筆◆３,702,1548,酒を[ショウ]とし肉を霍とす。,漿,非常に贅沢なことのたとえ。
逞筆◆３,703,1549,酒を漿とし肉を[カク]とす。,霍,非常に贅沢なことのたとえ。
逞筆◆３,704,1550,根を深くして[テイ]を固くす。,柢、蔕,物事の基礎をしっかり固めること。
逞筆◆３,705,1551,[シンショウ]の隔て。,参商,遠く離れて合うことのないたとえ。また、夫婦や兄弟の別離や仲違いのたとえ。
逞筆◆３,706,1552,深ければ[レイ]し、浅ければ掲す。,厲,その場の状況に応じて適切な処理をすること。臨機応変。
逞筆◆３,707,1553,深ければ厲し、浅ければ[ケイ]す。,掲,その場の状況に応じて適切な処理をすること。臨機応変。
逞筆◆３,708,1554,水光瀲灩として晴れ方に好く、山色[クウモウ]として雨も亦た奇なり。,空濛,晴雨どちらでもすばらしいながめ。晴好雨奇。※瀲灩（レンエン）※漢検対象外
逞筆◆３,709,1555,[テンカイ]の志。,塡海,身分不相応の大望。
逞筆◆３,710,1556,[セキ]の狗尭に吠ゆ。,跖,人はそれぞれ自分の仕える主人に忠を尽くすもので、善悪をわきまえて尽くすわけではないということ。
逞筆◆３,711,1557,[ソウカン]濮上の音。,桑間,淫乱な音楽のこと。また、国を滅亡に導く亡国の音楽のこと。※濮上（ボクジョウ）※漢検対象外
逞筆◆３,712,1558,多銭、善く[コ]す。,賈,資材や条件が整っていれば成功しやすいということ。
逞筆◆３,713,1559,鶴を断ちて[フ]に続く。,鳧,生まれつきの自然のあり方に手を加え損なうこと。
逞筆◆３,714,1560,[タンロ]の剣。,湛盧,静かに澄み切った黒い剣。呉王闔閭の剣。
逞筆◆３,715,1561,[チウ]の操。,徴羽,正しい音楽のこと。
逞筆◆３,716,1562,[チスイ]の地。,置錐,とがった錐の先をやっと突き立てることができるほどの狭い土地。わずかな空間。
逞筆◆３,717,1563,[チュウシン]の法。,誅心,実際の行為として現れなくても、心の中が正しくなければ、それを処罰する筆法。
逞筆◆３,718,1564,[テキカ]、車に満つ。,擲果,非常に人気があり評判なこと。また、非常な美少年のこと。
逞筆◆３,719,1565,牝鶏の[シン]。,晨,妻女が権力を握って、勢力を奮うこと。
逞筆◆３,720,1566,干戈を[トウサイ]す。,倒載,戦いがすんで平和になったことの形容。
逞筆◆３,721,1567,[トウマツ]の技。,橦末,かるわざ。
逞筆◆３,722,1568,[トドク]の筆墨。,屠毒,人を害しそこなう書物。
逞筆◆３,723,1569,肉袒して[ケイ]を負う。,荊,思うままに処罰せよと謝罪する作法のこと。真心からの謝罪のたとえ。
逞筆◆３,724,1570,[ニッショク]の労。,日昃,昼食も食べずに昼過ぎまで苦労して働くこと。
逞筆◆３,725,1571,[ハイジツ]の怪しみ。,吠日,見識の狭い者が、すぐれた言行をわけもわからず疑って非難すること。
逞筆◆３,726,1572,[ハベツ]も千里。,跛鼈,努力をすれば能力の劣るものでも成功するたとえ。
逞筆◆３,727,1573,[ビュウユウ]の説。,謬悠,でたらめでとりとめのない考え方のこと。荒唐無稽。
逞筆◆３,728,1574,[フイ]の極。,布衣,庶民としての最高の出世のこと。
逞筆◆３,729,1575,牆に耳あり、[フクコウ]側に在り。,伏寇,身辺の注意を怠らず、言動も慎むべきだということ。油断大敵。
逞筆◆３,730,1576,[ベンペキ]して裏に近づく。,鞭辟,外物にとらわれることなく身に切実なことと考えること。また、はげましによって物事の道理に近づくこと。また、文字や文章を厳密に考えて書いた文章。
逞筆◆３,731,1577,[ホウシ]長蛇を為す。,封豕,貪欲で残酷な人のたとえ。
逞筆◆３,732,1578,[ムボウ]の福。,無妄、毋妄、無望、毋望,思いがけない幸運。
逞筆◆３,733,1579,冥行して[ショク]を擿る。,埴,学問をするのに、その方法を知らないことのたとえ。※擿る（さぐ-る）
逞筆◆３,734,1580,[ハニュウ]の宿。,埴生,粗末な小さい家。
逞筆◆３,735,1581,[ヨウケン]の才。,鷹犬,自分が手先に使って役に立つ才能の持ち主。
逞筆◆３,736,1582,軒冕を[デイト]にす。,泥塗,高位高官の地位を泥のように軽んじて捨て去ること。
逞筆◆３,737,1583,[ケンベン]を泥塗にす。,軒冕,高位高官の地位を泥のように軽んじて捨て去ること。
逞筆◆３,738,1584,[キョウショウ]の寿。,喬松,長命長寿。
逞筆◆３,739,1585,[コシュ]を編む。,虎鬚,あえて危険なことをするたとえ。
逞筆◆３,740,1586,[ナマエ]い本性違わず。,生酔,酒に酔っても本性は変わらない。
逞筆◆３,741,1587,[トツトツ]の怪事。,咄咄,たいへん奇妙なこと、けしからぬこと。
逞筆◆３,742,1588,鼻中の白毛は[エンオウ]の使い。,閻王,鼻毛がしらがになるのは、死が近付いたしるしである。
逞筆◆３,743,1589,[セイヨウ]も垂棘を穢す能わず。,青蠅,よこしまな論で正しい道理をまげることはできないというたとえ。
逞筆◆３,744,1590,[テイワ]の内、蛟竜を生せず。,蹄窪,狭き地には大人物の出ないたとえ。
逞筆◆３,745,1591,天下の至柔は、天下の至堅を[チテイ]す。,馳騁,天下で一番柔らかいものが、天下の一番堅いものを駆逐し、支配する力を持つ。
逞筆◆３,746,1592,身体髪膚之を父母に受く、敢えて[キショウ]せざるは孝の始めなり。,毀傷,我々の体、髪一筋、皮膚一片にいたるまで、これは父母から頂いた大切なものであるから、この身を大切に慎んで、少しも傷つけないようにすることが、親孝行の第一歩である。
逞筆◆３,747,1593,温温たる恭人は、木に集まるが如し、[ズイズイ]たる小心は、谷に臨むが如し。,惴惴,身を慎む人々は、いつも木の上にとどまっているように、あるいは、深い谷をひかえた道を歩くように心を引き締めている。※集まる（とど-まる）※漢検対象外
逞筆◆３,748,1594,萋たり斐たり、是の[バイキン]を成せり。,貝錦,悪人は口達者に人をうまく言いくるめる。美しい貝錦を作るように。※萋（セイ）※漢検対象外
逞筆◆３,749,1595,[フクダ]一たび手を螫せば、壮士は疾く腕を解く。,蝮蛇,毒を去るに勇断を用いること。
逞筆◆３,750,1596,[カロウ]を補苴し、幽眇を張皇す。,罅漏,教えや道の欠けたり漏れたりしているところを補う。聖道の幽遠にして、かつ微妙なものを敷衍し、押し広める。
逞筆◆３,751,1597,[ギュウキ]、皁を同じくす。,牛驥,賢人と不肖人（愚者）とが同一の待遇を受けるたとえ。
逞筆◆３,752,1598,牛驥、[ソウ]を同じくす。,皁,賢人と不肖人（愚者）とが同一の待遇を受けるたとえ。
逞筆◆３,753,1599,[ハジカミ]の食い合わせ。,椒,良いことと悪いことなど、逆のことが入り混じることのたとえ。
逞筆◆３,754,1600,手が[ハジカミ]ならば生姜三へぎ。,薑,字が下手で手紙が書けないのならば、せめて生姜でも少し贈れ。
逞筆◆３,755,1601,[イッポウ]の土未だ乾かず、六尺の孤安にか在る。,一抔,先帝太宗がなくなり、その埋葬の土がまだ乾きもしないのに、早くも武后は後継ぎとなるべき年端もゆかぬ諸王子をみんな殺してしまった。則天武后を弾劾した李敬業の檄文中の言葉。
逞筆◆３,756,1602,始めの囁き後の[ドヨ]めき。,響動、哄,初めは秘密にしていたことが、後には世間の評判となること。
逞筆◆３,757,1603,[シュジュ]は飽いて死せんと欲し、臣朔は饑えて死せんと欲す。,侏儒,一寸法師などの道化者はご馳走に飽いて死にかかっているそうだが、わたしは飢えて死にそうである。滑稽者として有名な東方朔（トウボウサク）が武帝に訴えた不満の言葉。
逞筆◆３,758,1604,[マレイ]は当に百煉の金の如くすべし。,磨礪,知徳を研ぎ磨くは、金鉄を限りなく繰り返し練り鍛え磨くのと同じようにつとめるべきだ。
逞筆◆３,759,1605,書を読みて聖賢を見ざれば、[エンザン]の傭と為る。,鉛槧,たとえどんな立派な本を読んでも、聖人賢者の精神をとらえなければ、印刷屋の使用人となったようなものだ。
逞筆◆３,760,1606,人情は反復し、世路は[キク]たり。,崎嶇,人情は手のひらを返すようによく変わり、世渡りの道は、凹凸のはげしい山路のように困難である。このことをよく心得て生きて行かねばならない。
逞筆◆３,761,1607,林泉の下に処りては、須らく廊廟の[ケイリン]を懐くことを要すべし。,経綸,野に在って林泉の風流を楽しんでいても、やはり、朝廷の政治上のことから心を放してはならない。隠遁生活をしていても、世の中を立派にするという経綸の道を忘れてはならない。
逞筆◆３,762,1608,[カタミ]の水。,筐,物事の頼りにならないことにたとえる。
逞筆◆３,763,1609,天の[コンズ]。,濃漿,天から与えられた美味な飲み物。甘露。ふつう、上等の酒、また、単に酒の意でいう。
逞筆◆３,764,1610,糸に非ず、竹に非ず、[ガビ]に非ず。,蛾眉、娥眉,人間の楽しみは、なにも音楽とか、あるいは美人とかだけにあるものではない。
逞筆◆３,765,1611,我が輩豈是れ[ホウコウ]の人ならんや。,蓬蒿,自分は今こそこういうふうにしているけれども、いつまでも貧乏をしているわけではあるまい。必ず世に頭角を現して見せる。
逞筆◆３,766,1612,宮室を卑しくして力を[コウキョク]に尽くす。,溝洫,自分のすまいは簡素にして、その余力を田間のみぞの整備に投入した。これが聖天子禹の政治であった。
逞筆◆３,767,1613,下大夫と言うときは、[カンカン]如たり、上大夫と言うときは、誾誾如たり。,侃侃,孔子は、下役の者と話すときは、いかにも、物柔らかな態度で相対し、たとえ上役であっても、言うべきことは道理に立って、はっきりした口調で話した。孔子の門人の言葉。
逞筆◆３,768,1614,言忠信にして、行い篤敬ならば、[バンバク]の邦と雖も行われん。,蛮貊,その人の言葉がまことそのものであり、また、行いが人情に厚く、慎み深いならば、南や北の野蛮な人間の国においても、その人の言うことは、必ず行われるであろう。
逞筆◆４,1,1615,女の髪の毛には[タイゾウ]も繫がる。,大象,どんなに謹厳な男性でも、女性の魅力にはかなわないたとえ。
逞筆◆４,2,1616,冠履を貴んで[トウソク]を忘る。,頭足,根本を忘れて末節のことにこだわること。
逞筆◆４,3,1617,胸中に[セイチク]あり。,成竹,事前に準備を整えて得た成功の見込み、成算。また、それがあること。
逞筆◆４,4,1618,君子に[キュウシ]有り。,九思,君子には熟考しなければならない九つのことがある。物をしっかりと見、正確に聞く表情は穏やかに、姿勢はうやうやしく、言葉は誠実を心がけ、仕事は慎重に、疑問はためらわず質問し、怒るときはその後の困難な事態を思い、利得に対しては道義を考えよということ。
逞筆◆４,5,1619,香餌の下必ず[シギョ]有り。,死魚,人の利益を得るためには、命を落とすこともいとわないものだというたとえ。また、利益のかげには必ず危険がひそんでいるたとえ。
逞筆◆４,6,1620,大人は[コヘン]す。,虎変,徳の高い大人物が革命をなし遂げたときは、トラの毛が秋に生え変わって模様が色鮮やかに輝きだすように、古い制度が面目一新されるものだ。
逞筆◆４,7,1621,[ダンキ]の戒め。,断機,何事も、やり始めたら途中でやめては何もならないという戒め。
逞筆◆４,8,1622,[タント]の如し。,胆斗,きもったまがすわっていて、ものに動じないさま。
逞筆◆４,9,1623,逢えば[ゴリン]の損がいく。,五厘,人と交際すると必ず何らかの費用が掛かり、損をするということ。
逞筆◆４,10,1624,青海苔の[トウレイ]に太太神楽を打つ。,答礼,わずかな物のお返しに、過大な返礼をすること。
逞筆◆４,11,1625,[ハンジョ]が扇。,班女,男の愛情を失った女のたとえ。秋の扇。
逞筆◆４,12,1626,[カンゼン]する無し。,間然,非難するところが一つもない。
逞筆◆４,13,1627,[キモン]の学。,記問,あらかじめ質問を察し、ただ書物や古人の説を暗記して講釈するだけで、自分では真に理解していない学問。
逞筆◆４,14,1628,正直貧乏横着[エヨウ]。,栄耀,世の中の仕組みは不合理だということ。
逞筆◆４,15,1629,[ショウビ]の急。,焼眉、焦眉,非常にさし迫った事態や危険が見に迫ることのたとえ。
逞筆◆４,16,1630,積善の家には必ず[ヨケイ]有り。,余慶,善行を重ねて来た家には、必ず子孫によいことがあるということ。
逞筆◆４,17,1631,[センジョウ]の嘆。,川上,孔子が川辺に立ち、流れる水を見て、万物が絶えることなく変化し、時が戻ることなく過ぎ去っていくのを嘆いた故事をいう。
逞筆◆４,18,1632,[センリョ]の一失。,千慮,十分に考えて準備したにもかかわらず、思いがけない手抜かりがあること。また、賢人の考えのなかにも、まれにはまちがいがあること。
逞筆◆４,19,1633,大匠は拙工の為に[ジョウボク]を改廃せず。,縄墨,人にものを教えるにあたっては、教える相手に合わせてレベルを低くしたりしないということのたとえ。
逞筆◆４,20,1634,不断よいなりする人に[ナイショウ]のよいは無し。,内証,ふだんよい着物を着てぜいたくしている人に、家計の豊かなものはいない。
逞筆◆４,21,1635,忍の一字は[シュウミョウ]の門。,衆妙,忍耐こそが何事をも可能にする決め手であるということ。
逞筆◆４,22,1636,[バンショク]の争い。,蛮触,小さく狭い料簡から、互いにつまらないことで争うたとえ。
逞筆◆４,23,1637,人[ボクセキ]に非ず。,木石,人には木や石とはちがって喜怒哀楽の情がある、それは当然だということ。
逞筆◆４,24,1638,[ヒリ]の陽秋。,皮裏,口には出さないが、心のなかで人の是非を判断し、ほめたりけなしたりすること。
逞筆◆４,25,1639,[ホウチュウ]の信。,抱柱,約束を堅く守るたとえ。絶対に信義を裏切らないたとえ。
逞筆◆４,26,1640,貌には[キョウ]を思う。,恭,表情や態度には、常に慎みが表れるように心掛けよという戒め。
逞筆◆４,27,1641,[ボウ]には恭を思う。,貌,表情や態度には、常に慎みが表れるように心掛けよという戒め。
逞筆◆４,28,1642,身を以て利に[ジュン]ず。,殉,少しばかりの利益のために、自分を犠牲にしてしまうこと。利益のために身を滅ぼす愚かしさへの戒め。
逞筆◆４,29,1643,愛してその[シュウ]を忘る。,醜,愛していれば相手の醜いところも気にならない。
逞筆◆４,30,1644,危うきこと[チョウロ]の如し。,朝露,人の運命や生命が、きわめて危険な状態にあることのたとえ。
逞筆◆４,31,1645,[イイキ]の鬼と為る。,異域,外国で死ぬこと。故郷を離れて死ぬこと。
逞筆◆４,32,1646,魚は[コウコ]に相忘る。,江湖,俗事にわずらわされず、自然の境遇に身を置き、自由に生きることのたとえ。
逞筆◆４,33,1647,[グンケイ]軸を折る。,群軽,小さなものや微力なるものでも、多く集まれば大きな力となるたとえ。
逞筆◆４,34,1648,[ウシュウ]の交わり。,烏集,嘘が多く、自分の利益のためにすぐ争いを起こすような交際。また、相手を選ばずに結びついた交わり。
逞筆◆４,35,1649,[ウチョウ]の私情。,烏鳥,子が親に養われて育った恩を忘れずに、孝養をつくす情愛のたとえ。
逞筆◆４,36,1650,[ウトウ]白くして馬角を生ず。,烏頭,あり得ないことのたとえ。また、あり得ないことが実現することのたとえ。
逞筆◆４,37,1651,[エヨウ]の餅の皮。,栄耀,度を越した贅沢のたとえ。
逞筆◆４,38,1652,[エントウ]の一割。,鉛刀,①凡庸な人でも力を発揮できる時があるたとえ。自分の微力を謙遜していうことば。②一度物を切ると二度と使えなくなることから、その一度を大切にする意。
逞筆◆４,39,1653,遠慮なければ[キンユウ]あり。,近憂,目先の事ばかりにとらわれて、将来のことを考えずに行動すると、必ず身近なところに心配事が起こるということ。
逞筆◆４,40,1654,[オンリョウキョウケンジョウ]、以て之を得たり。,温良恭倹譲,温和でやさしくおだやかに、人を敬ってつつましく対応すること。孔子が人と接するときの態度をいう語。
逞筆◆４,41,1655,[カイゴ]の花。,解語,美人のたとえ。
逞筆◆４,42,1656,[カイロク]の災い。,回禄,火災にあうこと。
逞筆◆４,43,1657,河海は[サイリュウ]を択ばず。,細流,大人物は度量が大きく、あらゆる人を包容するたとえ。人も他人の意見を広く聞かないと大成しないという戒め。
逞筆◆４,44,1658,[カカン]の言。,河漢,言説が大げさで現実離れしていること。言葉がはてしなくとりとめのないこと。
逞筆◆４,45,1659,[カギュウ]の計。,火牛,ウシの角に剣を、尾には油に浸したアシの束を結んで火をつけ、それを敵陣に放って相手がひるむすきに敵陣に兵を進める戦術。
逞筆◆４,46,1660,渇すれども[トウセン]の水を飲まず。,盗泉,どんなに困っても悪人の助けを借りたり、悪事や不正に手を染めたりしないたとえ。
逞筆◆４,47,1661,[カツ]を被り玉を懐く。,褐,すぐれた才能を包み隠しているたとえ。すぐれた才能がありながら、それを表にあらわさないということ。
逞筆◆４,48,1662,[ガンシャ]、影を射る。,含沙,陰険な方法で人に害を与えること。
逞筆◆４,49,1663,[カンバ]の労。,汗馬,物事を成功させるために奔走する苦労。また、物を遠くに運ぶ労苦。
逞筆◆４,50,1664,[キカ]居くべし。,奇貨,機会はうまくとらえて利用すべきだというたとえ。
逞筆◆４,51,1665,七歳未満[キブク]なし。,忌服,七歳未満の者は喪に服する要はない。
逞筆◆４,52,1666,[キコ]相当たる。,旗鼓,両者の勢力が互角であること。
逞筆◆４,53,1667,[キフ]の一諾。,季布,決して裏切らない堅い約束や誓約のこと。
逞筆◆４,54,1668,鬼門[コンジン]我より祟る。,金神,災いは鬼門や金神の祟りによって起こるのではなく、すべて自分の不謹慎が招くものであるということ。
逞筆◆４,55,1669,[ケンパク]同異の弁。,堅白,こじつけや詭弁のたとえ。
逞筆◆４,56,1670,[コウカク]に束ぬ。,高閣,人材や書物などを長い間使うことなく、そのままにしておくたとえ。
逞筆◆４,57,1671,[コウジン]の火傷。,荒神,他人の世話に熱中するあまり、自分の身を守ることがおろそかになること。また、意外な失敗のたとえ。
逞筆◆４,58,1672,口中の[シオウ]。,雌黄,一度口にしたことをすぐ訂正するたとえ。また、口からでまかせを言うたとえ。
逞筆◆４,59,1673,[コショウ]鳴らし難し。,孤掌,人間は一人では何事も成すことはできないたとえ。
逞筆◆４,60,1674,[コウハイ]相望む。,項背,人の往来のはげしいことの形容。
逞筆◆４,61,1675,酒は[サンコン]に限る。,三献,酒は度を越すと酒席が乱れやすくなるので、三献を限度としてやめるのがよいという戒め。
逞筆◆４,62,1676,日月に[シショウ]無し。,私照,自然の恵みはすべて平等であること。
逞筆◆４,63,1677,君子蕩蕩として小人[セキセキ]たり。,戚戚,君子は道に従って行動するから、心は穏やかでのびのびとしているが、小人はいつもくよくよと思い悩んでいるということ。
逞筆◆４,64,1678,[インカ]の願い。,飲河,自分の分に応じた願望。
逞筆◆４,65,1679,[シュクユウ]の災い。,祝融,火事。火災。
逞筆◆４,66,1680,[ジョウカ]の盟。,城下,城の下まで攻めこまれて、やむをえず結ぶ屈辱的な講和条約。
逞筆◆４,67,1681,[ショウキュウ]の鳥。,傷弓,いちど怖い思いをしたために、次には必要以上におじけづくことのたとえ。
逞筆◆４,68,1682,[ショウジョウ]に運らす。,掌上,思い通りに行うこと。
逞筆◆４,69,1683,[ショウチュウ]の珠。,掌中,非常に大切にしているもの。最愛の妻や子など。
逞筆◆４,70,1684,正法に[キドク]なし。,奇特,正しい法門（宗教）には不思議な奇蹟などということはない。奇特や不思議があるとすればそれは邪法（邪教）である。
逞筆◆４,71,1685,[シ]を致す。,仕,官職をやめること。退官。
逞筆◆４,72,1686,[ヨウシュウ]の夢。,揚州,過ぎ去った日々の歓楽の思い出。
逞筆◆４,73,1687,[セキウ]舟を沈む。,積羽,小事も積み重なれば大事を引き起こすというたとえ。
逞筆◆４,74,1688,[ゼンブ]揃うて箸を取れ。,膳部,あわただしい食事を戒めたことば。また、物事は用意が全部整ってから取り掛かるのがよいという教え。
逞筆◆４,75,1689,楚王[サイヨウ]を好み宮中に餓人有り。,細腰,上の好むものに下の者が迎合するたとえ。また、そのための弊害が生じやすいということ。
逞筆◆４,76,1690,行き摩りの[スクセ]。,宿世,道を行く時すれ違うのも前世からの因縁である。袖振り合うも多生の縁。
逞筆◆４,77,1691,大隠は[チョウシ]に隠る。,朝市,真の隠者は、山野に隠れることもなく、俗世間で暮らしながら、俗事に心を乱されることがないということ。
逞筆◆４,78,1692,[チョウライ]昂じて尼になる。,頂礼,信仰に凝りすぎて、尼にならなければ気が済まないところまで進むこと。
逞筆◆４,79,1693,[テンエン]の差。,天淵,物事の隔たりが非常に大きいことのたとえ。雲泥の差。
逞筆◆４,80,1694,[トウヒツ]の吏。,刀筆,文書を書き写すだけが仕事の下級役人のこと。
逞筆◆４,81,1695,遠水[キンカ]を救わず。,近火,いかに有用なものであっても、遠方にあるものでは急場の役には立たないたとえ。
逞筆◆４,82,1696,二卵を以て[カンジョウ]の将を棄つ。,干城,ささいな過失にこだわり、有能な人物を用いないことのたとえ。
逞筆◆４,83,1697,[ビセイ]の信。,尾生,①約束を固く守るたとえ。②ばか正直すぎて融通がきかないたとえ。
逞筆◆４,84,1698,百川海に[チョウ]す。,朝,利益のあるところには自然に人が集まってくるということ。
逞筆◆４,85,1699,[ヒョウタン]相愛す。,氷炭,①世の中にそのような例のないたとえ。氷と炭火とは性質がまったく反対であることから。②性質のまったくちがうものが、相手にない点を補ったり、助け合ったりするたとえ。
逞筆◆４,86,1700,[フウジュ]の嘆。,風樹,親孝行をしようとしても、すでに親は死んでしまって、それができない嘆き。
逞筆◆４,87,1701,[フジ]の言も千里に聞こゆ。,附耳、付耳,秘密はもれやすく、たちまち広がってしまうこと。
逞筆◆４,88,1702,[フセイ]夢の若し。,浮生,人生ははかなく、夢のようだということ。
逞筆◆４,89,1703,文章は経国の大業不朽の[セイジ]。,盛事,文学が不滅で永遠に伝えられることをいう。
逞筆◆４,90,1704,箒を[ヨウ]し門に迎う。,擁,尊敬の気持ちを以て人を迎えること。
逞筆◆４,91,1705,[ボウケイ]の交わり。,忘形,相手の地位や外見にとらわれない、きわめて親しい交わり。
逞筆◆４,92,1706,[ボウユウ]の物。,忘憂,酒の異称。
逞筆◆４,93,1707,[ホウ]を後世に流す。,芳,立派な仕事を成し遂げて後世に名を残すこと。
逞筆◆４,94,1708,槊を横たえて詩を[フ]す。,賦,武人が文学にもたしなみの深いことを言う。
逞筆◆４,95,1709,[ホンケ]還りの三つ子。,本卦,年を取って、欲望や邪気がなくなり、まるで三歳児のように無邪気な心になるということ。
逞筆◆４,96,1710,[ホンシャ]の上に仲尼無く、覆舟の下に伯夷無し。,奔車,聖人や賢者は、危うい国家の下に身は置かないということのたとえ。
逞筆◆４,97,1711,[ムケイ]の言は聴く勿れ。,無稽,根拠のないでたらめな話には耳を傾けてはならないということ。
逞筆◆４,98,1712,[ヤクセキ]効無し。,薬石,いろいろな治療を施しても効果がないこと。人の病死をいう。
逞筆◆４,99,1713,[ユウジン]余地有り。,遊刃、游刃,物事を余裕をもって巧妙に処理することができるたとえ。
逞筆◆４,100,1714,[ヨトウ]の罪。,余桃,君主の気まぐれな寵愛によって、ほめられたり思わぬ罪をきせられたりするたとえ。
逞筆◆４,101,1715,[リソウ]の戒め。,履霜,小さな前兆を見て、やがてくる大きな災難に備えて用心せよという戒め。
逞筆◆４,102,1716,[リュウビ]を逆立てる。,柳眉,美人がまゆをつりあげて、ひどく怒るさまのたとえ。
逞筆◆４,103,1717,[ママコ]の腹はいつもふくれぬ。,継子,いつも差別されて、不自由な目にあわされることをいう。
逞筆◆４,104,1718,物得書かねば[ユウヒツ]置く。,祐筆、右筆,文字が書けないなら書記を雇って代書させるから問題ない。無学者の負け惜しみのことば。
逞筆◆４,105,1719,[ソウゴウ]を崩す。,相好,顔をほころばせてにこやかに笑い、または心から喜ぶさま。喜びや笑いが自然に内からこぼれ、表情にあらわれる様子。
逞筆◆４,106,1720,[カンキョウ]を煩わす。,緩頰,自分の事を、それとなく他人に話してもらう。また、別の事に託して、自分の事を言ってもらう。
逞筆◆４,107,1721,寒者は[タンカツ]を利とする。,短褐,困窮している者はぜいたくを言わない。
逞筆◆４,108,1722,[ラウ]仕替えも職の中。,羅宇,つまらない仕事でも生計を立てる道に変わりはない。
逞筆◆４,109,1723,[キョウシャ]の巷。,狭斜,遊里、色町。
逞筆◆４,110,1724,[センカ]の客となる。,泉下,亡くなる。
逞筆◆４,111,1725,胸中の[リンコウ]。,鱗甲,性質にかどがあり、人と争う考えや行動をする。
逞筆◆４,112,1726,[ケイアン]者の空笑い。,慶庵、慶安、桂庵,人にへつらったり、追従したりする者のくせとして、おかしくもないことに空笑いすること。
逞筆◆４,113,1727,[ケイキ]の士。,傾危,詭弁を弄して国を危うくするような策謀の人。また、危険人物。
逞筆◆４,114,1728,[ケイサク]に接する。,警策,仏教などで、師の教えをうけること。
逞筆◆４,115,1729,[ケツゲキ]を鑽る。,穴隙,男女が密かに通じる。
逞筆◆４,116,1730,籩豆の事は、則ち[ユウシ]存す。,有司,上に立つ者は、祭壇に供える果物などを盛る器をどうするか、というような小事は、その担当の者に任せておけばよい。上の人には、別になすべき大事があるはずだ。曾子の言葉。※籩豆（ヘントウ）
逞筆◆４,117,1731,卵に[ゲンノウ]。,玄翁、玄能,こわれやすい卵を玄翁で打ち砕くように、非常に容易なこと。また、手段が大げさなことのたとえ。
逞筆◆４,118,1732,[コカイ]の士。,湖海,民間にあって雄大ですぐれた気性を持っている人物。
逞筆◆４,119,1733,[コキュウ]の戒め。,狐丘,人は、地位や収入が高くなればそれだけ他人から恨みをかうので身を慎むようにという戒め。
逞筆◆４,120,1734,獅子吼ゆれば[ヤカン]脳裂く。,野干,獅子がひとたびほえると、野干（狐。また、弱い動物をさしていう）は頭がずたずたに裂かれたように感じひどく恐れる。
逞筆◆４,121,1735,[ジョウフ]を設けず。,城府,相手に対して心にへだてなくうちとける。
逞筆◆４,122,1736,[ショウク]を尋ねる。,章句,字句にだけかかわって学問全体を把握しないことのたとえ。
逞筆◆４,123,1737,信は[ショウゴン]より起こる。,荘厳,内容が形式から導き出されることのたとえ。
逞筆◆４,124,1738,[シンソウ]の佳人。,深窓,身分の高い家の中で大切に育てられ、まったく世のけがれを知らない美しい女性。
逞筆◆４,125,1739,香餌の下には[ケンギョ]あり。,懸魚,甘美な誘惑には必ず身を滅ぼす罠があるというたとえ。
逞筆◆４,126,1740,[ジンキョ]の練り薬。,腎虚,ひどく生意気な奴。
逞筆◆４,127,1741,[セイショウ]我意に任す。,盛昌,権勢が盛んで思いのままにふるまう。
逞筆◆４,128,1742,聖人は物に[ギョウタイ]せず。,凝滞,聖人は時の流れに従って身を処し、物にこだわらないから、いたずらにわが身を苦しめることがない。聖人に心無し。
逞筆◆４,129,1743,仏に方便聖人に[ケンドウ]。,権道,正しい目的のためには、ある程度いろいろな手段を用いるのは仕方がない。
逞筆◆４,130,1744,素引きの[セイビョウ]。,精兵,理論には詳しいが、実戦には役に立たないものをいう。
逞筆◆４,131,1745,[チユウ]して命を伝うるより速やかなり。,置郵,君子の徳が、駅馬によって命令を伝達するよりも速やかに国中に伝わる。
逞筆◆４,132,1746,天柱折け[チイ]欠く。,地維,天変地異、天地の大変動をいう。
逞筆◆４,133,1747,夏の氷は[センジ]なければ氷らず。,宣旨,夏期に氷が手に入れにくかったことのたとえ。
逞筆◆４,134,1748,[ソウシュウ]の夢。,荘周,胡蝶の夢。万物一体の心境や境地。また、人生のはかないことのたとえ。
逞筆◆４,135,1749,薬[クソウバイ]。,九層倍,薬は原価に比べて、売値が非常に高いことをいう。また、暴利をむさぼるたとえ。
逞筆◆４,136,1750,[セキスン]の兵。,尺寸,わずかな長さの武器。ちょっとした刃物。寸兵。尺鉄。尺兵。
逞筆◆４,137,1751,井戸端の[ゴヘイソク]。,御幣束,うらぶれた姿、みじめな姿のたとえ。
逞筆◆４,138,1752,[ヒテン]を打つ。,批点,詩歌や文章などに目を通して評点を記す。文章中の要所・妙所の文字のわきに点を打つ。また、他の欠点をあげて攻撃する。非難する。
逞筆◆４,139,1753,[オウコウショウショウ]、寧んぞ種あらんや。,王侯将相,人は誰でも自分の勉強努力次第だ。
逞筆◆４,140,1754,[セキタク]の鯢。,尺沢,見識の狭いたとえ。
逞筆◆４,141,1755,[レイタク]の契り。,麗沢,友人同士が互いに助け合って、学問に励み徳を修める関係のたとえ。
逞筆◆４,142,1756,[タンセキ]に迫る。,旦夕,今日の夕方か、明朝かというほどに時機や危急が迫る。
逞筆◆４,143,1757,[ホウショ]に炭団。,奉書,正反対である、まったく違うことのたとえ。
逞筆◆４,144,1758,[キュウカン]を暖める。,旧歓,久しく絶えていた人との間の昔の楽しみや友情を元のようにする。
逞筆◆４,145,1759,山は[リョウチ]を以て故に能く高し。,陵遅,道徳や学問も少しずつたゆみなく習得していくことによって高遠な境地に達することができるというたとえ。
逞筆◆４,146,1760,竹の[ドウラン]でくるには及ばぬ。,胴乱,来るな。来る必要はない。
逞筆◆４,147,1761,[キュウリ]を切る。,久離、旧離,親子、または親族などの関係を永久に切る。勘当する。
逞筆◆４,148,1762,[キュウヨ]の一策。,窮余,追いつめられて困り果て、苦しまぎれに思いついた手段や方法。窮策。苦肉の策。
逞筆◆４,149,1763,王は[チョウミン]を子とす。,兆民,王は人民をすべてわが子のようにいつくしむ。
逞筆◆４,150,1764,[コウギ]を張る。,公儀,世間に対して、みえを張る。世間体を気にする。
逞筆◆４,151,1765,[レンリ]の枕。,連理,男女が深い愛情を約束して共に寝ること。
逞筆◆４,152,1766,[トウサク]の業。,東作,農作業。農業。
逞筆◆４,153,1767,名聞は[ショウネツ]の爪木。,焦熱,世俗的な名誉を求めてあくせくするのは、まるで自分の落ちる焦熱地獄の火にくべる薪を拾い集めているようなものだ。
逞筆◆４,154,1768,[ジョウゴウ]が極まる。,定業,運が尽きる。もはやこれまでである。
逞筆◆４,155,1769,[トウカン]に付す。,等閑,物事をいいかげんに放っておく。なおざりにする。無視する。
逞筆◆４,156,1770,[シツテキ]張りて弓矢至る。,質的,ある目的をもって物事を始めると、それに必要な物が自然にそこ集まってくるようになるというたとえ。また、ある事が行なわれると、続いてそれに関連した物事が起こるというたとえ。
逞筆◆４,157,1771,転柿が[トギャク]したよう。,吐逆,白粉（おしろい）を塗りたくり、口紅の濃い女の顔のたとえ。
逞筆◆４,158,1772,[キュウト]の哭。,窮途,人生などに行きづまって悲しむこと。自分の志をのばせないで悲しむこと。
逞筆◆４,159,1773,[ドウテイ]濬しと雖も之を負む者は北る。,洞庭,人の和を考えず徳のない国家は、いかに地の利に恵まれていようと、いずれ滅亡するというたとえ。※北る（やぶ-る）
逞筆◆４,160,1774,夢に[カク]を得。,佳句,夢の中ですぐれた詩句を思いつく。
逞筆◆４,161,1775,[リンザイ]の喝徳山の棒。,臨済,臨済禅師がよく大喝を与え、徳山和尚がよく痛棒を加えたというところから、禅修行の厳しさをいう。
逞筆◆４,162,1776,聖読して[ヨウコウ]す。,庸行,聖人の書を読んでいながら、その行ないが凡人の域を脱しない。
逞筆◆４,163,1777,乳狗人を搏ち[フクケイ]狸を搏つ。,伏鶏,弱い者でも子どものためなら奮い立つたとえ。
逞筆◆４,164,1778,聚斂の臣あらんよりは寧ろ[トウシン]あれ。,盗臣,重税を取り立てて、人民の反感・反抗を招く臣よりも、公の財産を盗んで私腹をこやす臣の方がましである。政治の根本は財貨よりも民心を得ることにあることをいう。
逞筆◆４,165,1779,杯に[スイサン]無し。,推参,酒席で杯を勧めるときには身分を気にしての遠慮は無用である。
逞筆◆４,166,1780,罪無くして[ハイショ]の月を見る。,配所,俗世をはなれて風雅な思いをする。わびしさの中にも風流な趣のあること。
逞筆◆４,167,1781,羊質にして[コヒ]を着す。,虎皮,外観はすぐれてりっぱだが、実質はそれに伴っていないことのたとえ。見かけだおし。羊質虎皮。
逞筆◆４,168,1782,[ホンメイ]に疲れる。,奔命,忙しく奔走して疲れ果てる。
逞筆◆４,169,1783,[ミヒツ]の故意。,未必,実害の発生を意識的に意図・希望したわけではないが、自分の行為から実害が発生してもしかたがないと認識しながら行動を起こすこと。また、そのときの心理状態。
逞筆◆４,170,1784,[カイゼン]は則ち万里なり。,階前,宮殿の階の前は、わたしにとっては万里の遠いところと同様だ。どんなに遠いところの事情も階前のことのようによくわかるのだ。
逞筆◆４,171,1785,道は[ショウセイ]に隠れ、言は栄華に隠る。,小成,道の真髄は生半可な成功によって見失われ、ことばの真意ははなやかに飾り立てた表現によって隠される。
逞筆◆４,172,1786,[ブバ]の災い。,舞馬,火災のこと。
逞筆◆４,173,1787,金箔付きの上に[フクリン]掛ける。,覆輪,箔が付くを強めて言う言葉。
逞筆◆４,174,1788,[シフン]の気。,脂粉,女らしいなまめいた気風。また、柔弱な気風。
逞筆◆４,175,1789,[リョウコク]の変。,陵谷,世の中が激しく移り変わり、それまでとまったくちがう様相を呈すること。
逞筆◆４,176,1790,鬼が[ジュウノウ]を抱えたよう。,十能,みにくい女が三味線を弾くさま。
逞筆◆４,177,1791,[レイガクケイセイ]その極は一なり。,礼楽刑政,礼も音楽も刑罰も政治も、民心を和合し太平の世を実現させるという究極の目的においては同一である。
逞筆◆４,178,1792,[ハンショウ]泥棒。,半鐘,背の高い者をからかっていう。
逞筆◆４,179,1793,[ボクケイ]に似たり。,木鶏,強敵に対して、びくともしないこと。また、精神を統一して外からの刺激にまったく動じないこと。
逞筆◆４,180,1794,[イボク]の信。,移木,約束を確実に実行することのたとえ。
逞筆◆４,181,1795,熱しても[アクボク]の陰に憩わず。,悪木,どんなに困窮しても不正な行ないをしない。渇しても盗泉の水を飲まず。悪木盗泉。
逞筆◆４,182,1796,[ユイマ]の一黙。,維摩,文殊菩薩をはじめとする菩薩たちが、維摩の石室で、それぞれ、相対を超えた絶対の境地について問答し、各自がその理解したところを述べたとき、文殊は言語思慮では言い表わすことも、思い量ることもできないと言うと、維摩はただ黙ってそのことを身をもって示したという「維摩経」にみえる故事。
逞筆◆４,183,1797,[ジョウマン]の幢。,上慢,増上慢の心のはげしいこと。※幢（はたほこ）
逞筆◆４,184,1798,県官[マンマン]冤み死する者半ばなり。,漫漫,役人の仕事の遅さを嘆いていう。※冤み（うら-み）
逞筆◆４,185,1799,味わいを[ジ]せず。,二,日々の食事のおかずを一品ですます。質素な食事のこと。
逞筆◆４,186,1800,野に[イケン]なし。,遺賢,正しい政治によって国家が安定しているたとえ。
逞筆◆４,187,1801,士に争う友あれば身[レイメイ]を離れず。,令名,仕官する男子に不善を諫めてくれる友がいると、その身は世間での好評を得る。
逞筆◆４,188,1802,[チュウウ]に迷う。,中有,死後四九日の間、未来の生を受けないで、現世と冥土との間の暗い世界をさまよう。転じて、色欲の世界などに迷う。
逞筆◆４,189,1803,[メイメイ]の裡。,冥冥、瞑瞑,知らず知らずのうち。はっきりと自覚しない状態。暗暗裏。冥冥裡。※裡（うち）
逞筆◆４,190,1804,[ロクメイ]の宴。,鹿鳴,中国唐代、州県の官吏登用試験に合格して都に上る人のために、その郡県の長吏が開いた壮行の酒宴。この時、「詩経－小雅・鹿鳴」の詩を歌うところからいう。転じて、賓客をもてなす酒宴をいう。
逞筆◆４,191,1805,[メッチョウ]の災い。,滅頂,おぼれて死ぬこと。また、破滅すること。
逞筆◆４,192,1806,[ジャクメツ]の煙と立ち上る。,寂滅,焼失する。焼けてしまう。灰燼に帰する。
逞筆◆４,193,1807,[ハクメン]の書生。,白面,年が若く経験に乏しい学生。
逞筆◆４,194,1808,[キュウギュウ]の一毛。,九牛,多くの中のきわめてわずかな部分。また、取るに足りないささいなこと。滄海の一粟。
逞筆◆４,195,1809,[ソウショウ]の夜の雨。,宗匠,貧乏もまた風流であること。
逞筆◆４,196,1810,牛を[トウリン]の野に放つ。,桃林,戦争が終わり平和になるたとえ。
逞筆◆４,197,1811,[ヤクセキ]の言。,薬石,人のためになる戒めの言葉。忠言や諫言など。
逞筆◆４,198,1812,之を[トウグウ]に失い桑楡に収む。,東隅,初めに失敗したことを、後に回復する。
逞筆◆４,199,1813,一籌を[ソン]ずる。,遜,わずかな差で負けることのたとえ。また、一歩遅れること。やや劣ることのたとえ。
逞筆◆４,200,1814,[サイカン]の松柏。,歳寒,逆境にあっても、信念や節操を固く守って変えないことのたとえ。また、そのような人のたとえ。
逞筆◆４,201,1815,[ウダイ]の身。,有待,生滅無常の世に生きるはかない身。
逞筆◆４,202,1816,[ウロ]の身。,有漏,煩悩から離れられない身。凡夫の身。
逞筆◆４,203,1817,[リョクイン]幽草、花時に勝る。,緑陰、緑蔭,夏の涼しい緑の木陰と人気のないところにはえる草は、春の花の景色よりまさっている。
逞筆◆４,204,1818,吞舟の魚も[リクショ]すれば則ち螻蟻に制せらる。,陸処,大人物も、才能にふさわしい地位や役職を与えられなければ、その能力を存分に発揮できず、つまらぬ者に苦しめられることになるというたとえ。
逞筆◆４,205,1819,吞舟の魚は[シリュウ]に游がず。,枝流,大人物は小者とは交わらない。高邁な志をもつ者は小事にこだわらないことのたとえ。
逞筆◆４,206,1820,[ジヨ]に混せず。,自余、爾余,他のものと紛れない。並み並みでない。
逞筆◆４,207,1821,[コウヨウ]の酒徒。,高陽,大酒飲みのこと。また、世俗を捨てた酒飲みだと自らをあざけっていう語。
逞筆◆４,208,1822,[ケンガ]相制す。,犬牙,二国の国境が入り組んでいて、互いに牽制しあっていることのたとえ。犬牙相錯す。
逞筆◆４,209,1823,盗みは貧から、[ミップ]は栄耀から。,密夫,盗みをするのは貧しさからであり、男女の密通はぜいたくに慣れた勝手気ままな心から起こることである。
逞筆◆４,210,1824,[セイネン]重ねて来らず。,盛年,若いさかりの年ごろは、いつの間にか過ぎて二度と戻ってこない。その時期を大切にせよという戒め。
逞筆◆４,211,1825,[ライシャ]は追うべし。,来者,過去のことは今さらどうしようもないが、将来のことはその気になればどうにでもしようがある。
逞筆◆４,212,1826,蓬萊[ジャクスイ]の隔たり。,弱水,はるかに遠くへだたっていることのたとえ。
逞筆◆４,213,1827,[コンリン]奈落の底。,金輪,物事のゆきつくところ。究極のところ。また、底の底まで。どこまでも。
逞筆◆４,214,1828,[キュウチョウ]の天。,九重,①天のもっとも高い所。九天。②宮中。宮廷。
逞筆◆４,215,1829,[リュウセイコウテイ]長蛇を逸す。,流星光底,かねてつけねらっていた相手を討ちとる絶好の機会を、瞬時のうちに失うこと。
逞筆◆４,216,1830,[リュウメ]の躓き。,竜馬,どんなにすぐれた人物であっても、失敗はあることのたとえ。弘法にも筆の誤り。猿も木から落ちる。
逞筆◆４,217,1831,[ズイキ]の涙。,随喜,喜びのあまりにこぼす涙。心からありがたく思って流す涙。ありがた涙。
逞筆◆４,218,1832,礼儀は[フソク]に生ず。,富足,人は富んでいれば、自然と礼儀を重んじるようになるということ。
逞筆◆４,219,1833,夏の[オンジャク]と傾城の心とは冷たい。,温石,遊女の好意は計算ずくでまことがない。
逞筆◆４,220,1834,三界の[カタク]、四衢の露路。,火宅,苦しみの絶えない人間界と、それを離れたやすらかで静寂な世界。
逞筆◆４,221,1835,[バキャク]を露す。,馬脚,隠していた事柄や正体が露見することのたとえ。尻尾を出す。化けの皮がはがれる。
逞筆◆４,222,1836,白鷺は[ジンド]の穢れを禁ぜず。,塵土,清廉潔白な人物は、どんなに悪い地位や境遇にいても、自分の生き方や信念をまげないというたとえ。
逞筆◆４,223,1837,一抔の土未だ乾かず、[リクセキ]の孤安にか在る。,六尺,先帝太宗がなくなり、その埋葬の土がまだ乾きもしないのに、早くも武后は後継ぎとなるべき年端もゆかぬ諸王子をみんな殺してしまった。則天武后を弾劾した李敬業の檄文中の言葉。
逞筆◆４,224,1838,六親和せずして[コウジ]有り。,孝慈,一家が不和になったので、孝行とか慈愛とかが取りざたされるようになる。
逞筆◆４,225,1839,[レンジョウ]の璧。,連城,いくつもの城に相当する価値のある貴重な玉。転じて、貴重な美しいもののたとえ。
逞筆◆４,226,1840,[オウソウ]の功。,横草,きわめて簡単なことのたとえ。また、わずかな功績のたとえ。
逞筆◆４,227,1841,[カイルイ]の士。,魁塁,さかんでたくましい人のこと。
逞筆◆４,228,1842,[カテイ]の訓え。,過庭,父の教えのこと。また、家庭での教育のこと。庭訓。
逞筆◆４,229,1843,[キンコク]の酒数。,金谷,詩が作れない者に対して、罰として飲ませる酒のこと。
逞筆◆４,230,1844,慈母に[ハイシ]有り。,敗子,教育には時には厳しさが必要なたとえ。
逞筆◆４,231,1845,駿足[チョウハン]を思う。,長阪、長坂,すぐれた人物が、困難を恐れずに自分の才能を試してみたいと思うこと。
逞筆◆４,232,1846,[ショウカ]、心を一にす。,上下,身分の上下にかかわらず一致団結すること。また、心を一つにして事に当たること。
逞筆◆４,233,1847,人間到る処[セイザン]有り。,青山,世の中は広いので、志を貫くには故郷を離れてどこに死に場所を求めようとも構わないということ。
逞筆◆４,234,1848,[ベイセン]の精。,米泉,酒をいう。
逞筆◆４,235,1849,[バクキョク]の英。,麦曲,酒をいう。
逞筆◆４,236,1850,[タンラン]の患い。,探卵,自分の拠点をおそわれることへのおそれ。
逞筆◆４,237,1851,[チボ]の嘆。,遅暮、遅莫,次第に年を取っていくわが身を嘆くこと。
逞筆◆４,238,1852,[チュウワ]の気。,沖和,天地間の調和した気のこと。
逞筆◆４,239,1853,[チョウラン]の危うき。,重卵,きわめて危険なことのたとえ。
逞筆◆４,240,1854,[テイコウ]蓋を傾く。,程孔,親しく話をすること。
逞筆◆４,241,1855,[テンプ]の国。,天府,自然の要害の地で地味が肥え、産物に富む土地。
逞筆◆４,242,1856,[トウケン]の急。,倒懸,状態が非常に逼迫していること。危急の状態の形容。
逞筆◆４,243,1857,[トウコ]の禍い。,党錮,政党や党派を作ることから起こるわざわい。略して党禍ともいう。
逞筆◆４,244,1858,[ハクオク]の士。,白屋,仕官せず貧困な読書人をいう。
逞筆◆４,245,1859,[ハクビ]最も良し。,白眉,多くの中で一番すぐれているもののこと。
逞筆◆４,246,1860,[バシ]徒らに増す。,馬歯,むだに年をとること。
逞筆◆４,247,1861,[バッセイ]の斧。,伐性,心身に害を及ぼす事物のたとえ。女色に溺れたり、偶然の幸運をあてにすること。
逞筆◆４,248,1862,[バッピョウ]の家。,伐氷,位の高い高貴な家柄のこと。
逞筆◆４,249,1863,[フクヒ]の法。,腹誹、腹非,口に出さなくても、心の中で非難すれば罰するという法律のこと。
逞筆◆４,250,1864,[フケイ]の舟。,不繫,心にわだかまりがなくさっぱりしていて無心なこと。また、定めなく流れただよっていること。
逞筆◆４,251,1865,[フジュ]の愬え。,膚受,身にさしせまった痛切な訴えのこと。
逞筆◆４,252,1866,分憂の[キ]。,寄,国司（諸国に置かれた地方官）のこと。
逞筆◆４,253,1867,[ブンユウ]の寄。,分憂,国司（諸国に置かれた地方官）のこと。
逞筆◆４,254,1868,風霜を[ホウケイ]す。,飽経,世の中の辛酸をなめ尽くし、世渡りがうまいが、したたかで悪賢いこと。
逞筆◆４,255,1869,成規を[ボクシュ]す。,墨守,古くからあるやり方を固く守って、変え改めようとしないこと。
逞筆◆４,256,1870,[モウゾウ]の縄。,妄想,仏教で、限りなく身を苦しめる迷い。
逞筆◆４,257,1871,六言の[リクヘイ]。,六蔽,人には六つの徳があるが、学問や教養を積まなければ六つの弊害を生むということ。
逞筆◆４,258,1872,[リクゴウ]、風を同じうす。,六合,天下が統一され、風俗や教化を同じくすること。
逞筆◆４,259,1873,[エンザン]の眉。,遠山,美人の眉のたとえ。
逞筆◆４,260,1874,[コウハク]を散じる。,黄白,大金を使う。
逞筆◆４,261,1875,[コウゼツ]の官。,喉舌,中国で宰相、日本で大納言。
逞筆◆４,262,1876,[ザイテン]の霊。,在天,死者の魂。
逞筆◆４,263,1877,三軍も[スイ]を奪うべし。,帥,大軍といえども、総大将を奪い取ることはできる。
逞筆◆４,264,1878,[オイテ]に帆を上げる。,追風,機会に恵まれて、自分の力を存分に発揮すること。また、物事が快調に進行することのたとえ。
逞筆◆４,265,1879,[ウチト]の典。,内外,仏教の書と儒教の書。
逞筆◆４,266,1880,腰間の[シュウスイ]。,秋水,腰にさした利刀。
逞筆◆５,1,1881,[ジュンシ]の八竜。,荀氏,すぐれた兄弟の多いことのたとえ。
逞筆◆５,2,1882,悪言は口よりい出ださず、[コウゴ]は耳に留めず。,苟語,人を傷つけるようなことは決して言わず、一時しのぎの不真面目な言葉は耳に留めない。
逞筆◆５,3,1883,[アコウ]の佐。,阿衡,すぐれた部下による助け。賢者が政治を補佐すること。また、その人。
逞筆◆５,4,1884,[ハット]の才。,八斗,詩文の才に富むこと。
逞筆◆５,5,1885,家に[カンシ]なければ其の家必ず滅ぶ。,諫子,親の不義をいさめる子がいなければ、その家は必ず滅びる。
逞筆◆５,6,1886,医者の[ジミャク]効き目なし。,自脈,自分を客観的に見ることの難しさをいうたとえ。
逞筆◆５,7,1887,[イソウ]の悔い。,葦巣,①落ち着く場所のない不安や、頼る所のない心細さのたとえ。頼るものがしっかりしていないと、自分の身を守ることさえ難しいたとえ。②人生の浮き沈みのたとえ。
逞筆◆５,8,1888,一淵には[リョウコウ]ならず。,両鮫,一つの集団には二人の強力な指導者は共存できないということ。
逞筆◆５,9,1889,其の[ギ]を正し其の利を謀らず。,誼,物事をするにあたっては、筋道を通して正しく行うように務め、利益を得ようという考えは持たないということ。
逞筆◆５,10,1890,咽喉[ユウヒ]の地。,右臂,国を守るために重要な、地勢のけわしい土地。要害の地。
逞筆◆５,11,1891,[ウエン]の卵毀たざれば而る後に鳳凰集まる。,烏鳶,人に基づいた寛大な政治を行えば、それを慕って優秀な人物が集まってくることのたとえ。
逞筆◆５,12,1892,[ハンモン]斧を弄す。,班門,魯の名工班輸の門前で斧を弄ぶようなものだ。転じて、自分の才能をわきまえず、身の程を知らぬものを謗ったことば。
逞筆◆５,13,1893,雲中の[ハッカク]。,白鶴,高潔な人物のこと。
逞筆◆５,14,1894,[エイセツ]の才。,詠雪,女性の文才のすぐれていることのたとえ。文才のある女性をほめて言う語。
逞筆◆５,15,1895,[エ]の実はならばなれ、木は椋の木。,榎,強情で、人の意見を聞かないことのたとえ。
逞筆◆５,16,1896,[エンチュウ]の魚を知る者は不祥なり。,淵中,物事の隅々まで知り尽くすのは良くないということ。また、政治を行うときは、要所を押さえて行えばよいということのたとえ。
逞筆◆５,17,1897,奥に媚びんよりは寧ろ[ソウ]に媚びよ。,竈,地位は高いが実権のない人の機嫌を取るより、地位は低いが実権を握っている人の機嫌を取る方が有利であること。
逞筆◆５,18,1898,[カイ]を釈てて天に登る。,階,不可能なことをしようとするたとえ。
逞筆◆５,19,1899,事は密を以て成り、語は[セツ]を以て敗る。,泄,物事は秘密のうちに運べば成功し、相談事は外部に漏れることで失敗するということ。
逞筆◆５,20,1900,[カクセイ]帝座を犯す。,客星,身分の低い者が帝王の地位を狙うことのたとえ。
逞筆◆５,21,1901,風、[ハソウ]を射て灯火滅し易し。,破窓,わび住まいのたとえ。
逞筆◆５,22,1902,[ヒコウ]雪泥を踏む。,飛鴻,人の行跡または事業も儚く消えて、痕跡の残らぬものである。
逞筆◆５,23,1903,[イッカン]の竹、簪裾に換えず。,一竿,仕官を断って、風月を楽しむこと。
逞筆◆５,24,1904,[カンショウ]千丈の節。,寒松,堅固な節操のたとえ。
逞筆◆５,25,1905,肝胆も[ソエツ]なり。,楚越,非常に似た物でも、見方によって違って見えるたとえ。また、近い関係にある者が遠い関係になるたとえ。密接な関係にありながらいがみ合うことのたとえ。
逞筆◆５,26,1906,[カンロ]を馳せて蹇兎を逐う。,韓盧,強い者が弱い者を討つことのたとえ。
逞筆◆５,27,1907,[キカイ]の刑。,棄灰,厳しすぎる刑罰のたとえ。
逞筆◆５,28,1908,[キキュウ]の業。,箕裘,父祖の業を受け継ぐこと。また、親をまねて自然に家業を習得していくこと。
逞筆◆５,29,1909,[ケツベイ]の智。,挈瓶,小知のたとえ。
逞筆◆５,30,1910,[キチョウ]旧林を恋い池魚故淵を思う。,羈鳥,故郷を恋しく思うことのたとえ。
逞筆◆５,31,1911,[キュウコウ]は追うこと勿れ。,窮寇,窮地に立った敵は、必死になって抵抗するため、思わぬ損害を受けるので、深追いするなということ。
逞筆◆５,32,1912,[キュウ]を反して薪を負う。,裘,浅知恵や、愚かな考えのたとえ。
逞筆◆５,33,1913,[ギョシ]の惑い。,魚豕,文字の書き違いや写し違いをすること。
逞筆◆５,34,1914,[キ]をして鼠を捕らしむ。,驥,物にはふさわしい使い道があるということのたとえ。また、有能な人物につまらない仕事をさせることのたとえ。
逞筆◆５,35,1915,金湯の固きも[ゾク]に非ざれば守らず。,粟,どんなに守りの固い城でも、食糧がなければ守りきれるものではないということ。
逞筆◆５,36,1916,[クチョ]も其の余を食わず。,狗猪,道に外れた行いをする人の食べ残した物は、犬や豚さえも食べないということ。人道に外れた者をさげすんでいうことば。
逞筆◆５,37,1917,君子は[サンタン]を避く。,三端,君子は人と争うのを好まないから、特に文章や武器や弁舌での争いを避けるようにするということ。
逞筆◆５,38,1918,慶者堂に在り、弔者[リョ]に在り。,閭,めでたいことと不幸なことがとなり合わせて来るということ。
逞筆◆５,39,1919,厳家には[カンリョ]無し。,悍虜,世の中が治まるのは、徳よりも厳しい威勢の力であるということ。
逞筆◆５,40,1920,[ゲンケン]の貧。,原憲,高潔で無欲な為に貧しい暮らしをしていること。
逞筆◆５,41,1921,[コウコウ]を分かつ。,鴻溝,物事を区分する。境を分ける。
逞筆◆５,42,1922,[ゴイ]を歌う。,五噫,世間に認められないことを嘆くこと。
逞筆◆５,43,1923,江河の[イツ]は三日に過ぎず。,溢,一時的に力を得た者は長続きしないということのたとえ。
逞筆◆５,44,1924,巧言[コウ]の如し、顔之厚し。,簧,言葉巧みに飾って言うのは、笙の舌が鼓動して上下左右に動いて声を出すようなもので、ごまかして言っても恥ずることがなく、面の皮が厚いことであるということ。
逞筆◆５,45,1925,[コウショク]は明を以て自ら鑠す。,膏燭,才能や長所の為に災いを招き、身を滅ぼしてしまうことのたとえ。
逞筆◆５,46,1926,[コウゼン]の翼。,鴻漸,高位高官に登ってゆくだけの才能があることのたとえ。また、大事業を成し遂げる器量があることのたとえ。
逞筆◆５,47,1927,[コウハン]も壺飧に及ばず。,觥飯,急ぎの時には、不完全でも手早い方がよいことのたとえ。※壺飧（コソン）＝食器に盛った粗末な汁かけ飯。
逞筆◆５,48,1928,[ゴウホ]の珠還る。,合浦,一度失ったものが再び戻ってくることのたとえ。また、善政を敷くことのたとえ。
逞筆◆５,49,1929,[ゴキ]も持たぬ乞食。,御器,全くの無一物であることのたとえ。
逞筆◆５,50,1930,狐裘弊ると雖も補うに[コウク]の皮を以てすべからず。,黄狗,君子と小人を同等に用いてはならないということのたとえ。
逞筆◆５,51,1931,[コギョ]河を過ぎて泣く。,枯魚,人は出処進退を慎重にしなければ後悔するという戒め。
逞筆◆５,52,1932,[コキン]の悲しみ。,鼓琴,心を許し合った友に死に別れた悲しみのこと。
逞筆◆５,53,1933,[コク]は浴せずして白し。,鵠,本性の良い者は、うわべを飾らなくても自然にその性質の良さが現れるというたとえ。また、生まれつきの容姿や性質は、変えられるものではないということ。
逞筆◆５,54,1934,乞食に[シュワン]。,朱椀,身分不相応な物を持つことのたとえ。
逞筆◆５,55,1935,財を積む千万なるも[ハクギ]身に在るに如かず。,薄伎,財貨より身についた技芸の方がまさっているということ。
逞筆◆５,56,1936,餓狗[コロ]を齧む。,枯髏,物の味のないことのたとえ。
逞筆◆５,57,1937,[シキ]は爵を待たず。,至貴,真の貴さは爵位などによるものではない。この上なく貴い地位の人には爵位など必要ないということ。
逞筆◆５,58,1938,努力[サンハン]を加えよ。,餐飯,つとめて食事をたくさんとってほしい。友達の健康への祈念。
逞筆◆５,59,1939,[ジジョウ]の心は礼の端なり。,辞譲,遠慮して人に譲る心は礼の芽生えであるということ。
逞筆◆５,60,1940,[ガシ]の叫び。,餓鴟,餓えたふくろうの叫び声。また、矢のはげしく飛ぶ響き。
逞筆◆５,61,1941,[シッコウ]の契り。,漆膠,強く結び合って離れ難い関係のたとえ。また、男女･夫婦が添い遂げることを言いかわすこと。
逞筆◆５,62,1942,[シャ]を欲する色。,炙,物欲しそうなようす。
逞筆◆５,63,1943,[ジュウリョ]の慶。,充閭,男子の誕生を祝う言葉。
逞筆◆５,64,1944,[ショウコウ]の竜。,葉公,うわべはもっともらしく見えるが、実際はそうではないこと。また、似て非なるもののたとえにもいう。
逞筆◆５,65,1945,小人の交わりは甘きこと[レイ]の若し。,醴,小人物の交わりは甘くとっつきやすいが、長続きしないということ。
逞筆◆５,66,1946,[ショウスウ]以て之を貫く。,誦数,何度も何度も繰り返し読むことによって、書物の内容が次第に理解できるようになるということ。
逞筆◆５,67,1947,少壮にして努力せずんば老大にして乃ち[ショウヒ]せん。,傷悲,若く元気な時に努め励んでおかなければ、老いてから悔やんで嘆き悲しむことになる。
逞筆◆５,68,1948,[ショウボウ]に不思議なし。,正法,正しい宗教には、不思議なことはなにもない。不思議な利益があるとすれば、むしろ邪教であるということ。
逞筆◆５,69,1949,[ショウロク]の夢。,蕉鹿,人世の損得は、夢のように儚いものだということ。また、諦めの良いたとえにも言う。
逞筆◆５,70,1950,[ショウ]を聞いて日と為す。,鐘,人から教えられたことを、はき違えて覚えることのたとえ。
逞筆◆５,71,1951,浸潤の[シン]。,譖,水が物にしみ込むように、人が気づかぬ間にすこしずつ巧妙に讒言しておとし入れること。
逞筆◆５,72,1952,[シンリョウ]を積むが若し。,薪燎,後輩が先輩を越えて出世することのたとえ。
逞筆◆５,73,1953,[ロウザン]雲暗し。,隴山,やがて天下に名を馳せるすぐれた後進の適任者は、無名なだけで世にひそんでいるのだというたとえ。
逞筆◆５,74,1954,[スイトウ]を以て太山を堕つ。,錐刀,微弱な力で強大な者に立ち向かうことのたとえ。
逞筆◆５,75,1955,[スイ]逝かず。,騅,ものごとが思い通りにゆかず、苦境に陥ること。頼りにしていたものがうまくゆかないこと。最後の土壇場に追いこまれること。
逞筆◆５,76,1956,酔い来たりて空山に臥せば、天地は即ち[キンチン]なり。,衾枕,酒に酔って草木のない山の中に寝転んでいると、天地があたかも自分を包んでくれる夜具布団、あるいは枕のように感じられる。大酒飲みの李太白の豪快の気分を述べた詩。
逞筆◆５,77,1957,[スンコウ]は黄河の濁を治する能わず。,寸膠,小さな力では大事を成し遂げることはできないというたとえ。
逞筆◆５,78,1958,[セイショウ]の具。,済勝,丈夫な足のこと。健脚。
逞筆◆５,79,1959,[セキシン]を負う。,析薪,父祖の事業を子孫が継いで立派にやっていくことのたとえ。
逞筆◆５,80,1960,千鈞の弩を以て[ヨウ]を潰す。,癰,超大国が強力な力で弱小国を破るたとえ。
逞筆◆５,81,1961,千雀万鳩[ヨウ]と仇を為す。,鷂,弱い者がたくさんいても、強い者にはかなわない。力のないものが数多く集まっても、役に立たないことのたとえ。
逞筆◆５,82,1962,川沢汙を納れ[サンソウ]疾を蔵す。,山藪,人の上に立つ者は、恥や屈辱を受けることがあっても、それを我慢する度量がなくてはならず、そうした恥や屈辱は少しも徳を損なうことにはならないというたとえ。※汙（オ）＝汚れた水。
逞筆◆５,83,1963,[ソウギ]の蚊帳。,宗祇,連歌師が旅先で宗祇と同宿し、同じ蚊帳の中で寝たと自慢すること。転じて、風流なことなどで見栄を張ることのたとえ。
逞筆◆５,84,1964,[ソウケイ]軸を折る。,叢軽,小さなものでも、たくさん集まれば大きな力を発揮するということ。
逞筆◆５,85,1965,[ソウチュウ]の喜び。,桑中,男女の不義の楽しみの事。
逞筆◆５,86,1966,[ソウ]を落として顧みず。,甑,見切りのよいことのたとえ。
逞筆◆５,87,1967,苗の[ユウ]有るが若し。,莠,悪人が善人の中にまじっていることのたとえ。
逞筆◆５,88,1968,[ソンシ]を悪鳥と為す。,蹲鴟,無学な者が見当違いなことを言うたとえ。
逞筆◆５,89,1969,大象[トケイ]に遊ばず。,兎径,大人物は自分にふさわしくないつまらぬ地位には満足しない。また、大人物はつまらぬ人物を相手にしない。
逞筆◆５,90,1970,[ギュウテイ]の涔には尺の鯉無し。,牛蹄,狭苦しい所では、大人物は手腕をふるうことができないというたとえ。※涔（シン）＝水たまり。
逞筆◆５,91,1971,[タイハク]再び円かならず。,頽魄,若い時は二度と来ないというたとえ。
逞筆◆５,92,1972,太平[ショウ]無し。,象,何事もないのが太平のしるしであるということ。
逞筆◆５,93,1973,大勇は[キョウ]なるが如し。,怯,真に勇気のある人は、無闇に人と争わないから、普段は臆病者と同じように見える。
逞筆◆５,94,1974,[タク]は声を以て自ら毀る。,鐸,才能や長所の為に災難にあうことがあるということ。
逞筆◆５,95,1975,惟[コウシュ]を称するのみ。,好鬚,口ひげだけが立派で、ほかにとりえのない男であるということ。
逞筆◆５,96,1976,玉を食らい[ケイ]を炊ぐ。,桂,非常に物価の高いことのたとえ。
逞筆◆５,97,1977,[キョウコウ]は学に勤めて燭なし。,匡衡,貧苦の中で学問を励むたとえ。
逞筆◆５,98,1978,箸に[コウリョウ]。,虹梁,二つのものが比較にならないほどかけはなれていることのたとえ。
逞筆◆５,99,1979,[テイカ]の奴は詩をうたう。,鄭家,いつも見聞きしていると、知らず知らずのうちに物を覚えるものだというたとえ。
逞筆◆５,100,1980,怒気ある者も[ヒョウガ]は咎めず。,飄瓦,天災に対しては文句が言えないということ。
逞筆◆５,101,1981,[ドンコウ]の魚は飢えを忍ばざるを嘆く。,吞鉤,後悔しても追いつかないことのたとえ。
逞筆◆５,102,1982,鷙鳥百を累ぬるも[イチガク]に如かず。,一鶚,無能な者が大勢いても、たった一人の有能な人物のすることには及ばないというたとえ。
逞筆◆５,103,1983,[ナンカ]の悔い。,南華,上司の怒りを買う発言をしたために、才能が有るのに出世の道が断たれること。また、その悔い。
逞筆◆５,104,1984,南人[ダ]を夢見ず北人象を夢見ず。,駝,知らないものについては、空想することもないというたとえ。
逞筆◆５,105,1985,[ニソ]藤を噛む。,二鼠,人の生命は不安定で、刻々死に近づいていることのたとえ。また、五欲に執着して生死から解脱できないことのたとえ。
逞筆◆５,106,1986,千鈞の弩を以て[カイヨウ]を射る。,潰癰,超大国が疲れきった弱小国を攻めてひねりつぶすことのたとえ。
逞筆◆５,107,1987,[ネンゴウ]の兎。,年劫,普通の手段では太刀打ちできないもの、一筋縄ではいかないもののたとえ。
逞筆◆５,108,1988,花を賞するに慎みて[リヒ]に至る勿れ。,離披,物事は絶頂に達すると、あとは衰退するだけだから、絶頂に至る前をよしとすべきであるということ。
逞筆◆５,109,1989,飛鳥人に依れば自ずから[レンアイ]を加う。,憐愛,飛ぶ鳥も人になついて寄って来れば、人のほうでも自然にその鳥をあわれみ愛するようになるもので、人間同士の場合でも同じであるということ。
逞筆◆５,110,1990,人は盗人火は[ジョウモウ]。,焼亡,人を見たら泥棒と思い、火を見たら火事だと思って用心せよということ。
逞筆◆５,111,1991,火を乞うは[スイ]を取るに若かず。,燧,人を当てにするよりも、自分で努力してやった方が確実であるということ。
逞筆◆５,112,1992,[ビンシ]茶烟の感。,鬢糸,若い時に遊びふけっていたものが、年老いて閑静な生活を送りながら青春の日々をしのんでいる心境をいう。
逞筆◆５,113,1993,貧賤に戚戚たらず、富貴に[キンキン]たらず。,忻忻,貧賤や富貴に心をとらわれない。
逞筆◆５,114,1994,韓盧を馳せて[ケント]を逐う。,蹇兎,強い者が弱い者を討つことのたとえ。
逞筆◆５,115,1995,武士の[サンボウ]。,三忘,武士が戦場に行くときに忘れなければならない三つのこと。命令を受けたら家を忘れ、戦場に臨んでは親や妻子を忘れ、戦いが始まったら我が身を忘れるということ。
逞筆◆５,116,1996,平気の[ヘイザ]。,平左,何があっても気にせず、少しも動じないこと。
逞筆◆５,117,1997,[ヘイシュウ]の情。,幷州,やむをえず住んでいた土地も、いざ離れるとなると、生まれ故郷のように思われるということ。また、転じて、第二の故郷を懐かしく思う心情をいう。
逞筆◆５,118,1998,[ヘイチュウ]の氷を睹て天下の寒きを知る。,瓶中,部分的な小さいことから全体の状態や動きを知ること。
逞筆◆５,119,1999,[ヘイテイ]に付す。,丙丁,焼き捨てること。火にくべること。とくに、秘密書類や人に見られたくない手紙などを焼くことを言う。
逞筆◆５,120,2000,[ホウソ]の寿。,彭祖,長寿のたとえ。
逞筆◆５,121,2001,[ホウテイ]牛を解く。,庖丁,妙技をほめることば。転じて、無理をしないで自然に任せること。
逞筆◆５,122,2002,[ホ]を編む。,蒲,苦学することのたとえ。
逞筆◆５,123,2003,不善人と居るは鮑魚の[シ]に入るが如し。,肆,塩漬けの魚を売る店にいると自然とその臭気にそまるように、悪人と一緒にいれば、悪に染まるようになる。朱に交われば赤くなる。
逞筆◆５,124,2004,[ホンショ]錐刃を懐けども天下勇と為す。,賁諸,実力があれば、自然に世に知れ渡るというたとえ。
逞筆◆５,125,2005,[マンソウ]猶除くべからず。,蔓草,些細なことでも放っておくと、いずれ増長し、取り返しがつかなくなるというたとえ。
逞筆◆５,126,2006,明者は遠く[ミボウ]に見、智者は危を無形に避く。,未萌,先見の明のある者は、事が起こる前にそれを察し、知者は危険を事前に察して避けるということ。
逞筆◆５,127,2007,明珠[ケンジョウ]も未だ一言に若かず。,兼乗,何台もの馬車に積んだ美しい玉も、真心を込めて言う諫めのことばの尊さには及ばないということ。
逞筆◆５,128,2008,[メイタク]は声を以て自ら毀る。,鳴鐸,才能のある者が、その才能の為に身を滅ぼすことのたとえ。
逞筆◆５,129,2009,命を知る者は[ガンショウ]の下に立たず。,巌牆,天命を知っている者は、自ら危険な所に身を置くようなことはしないということ。
逞筆◆５,130,2010,綿綿を絶たずんば[マンマン]を如何せん。,縵縵、蔓蔓,災いのもとになりそうなことは、小さいうちに処理しておかないと、あとで取り返しのつかないことになること。物事の処理は最初が大切であるということ。
逞筆◆５,131,2011,賁諸[スイジン]を懐けども天下勇と為す。,錐刃,実力があれば、自然に世に知れ渡るというたとえ。
逞筆◆５,132,2012,黙に過言無く[カク]に過事無し。,愨,何事もひかえめにすべきであるということ。
逞筆◆５,133,2013,[モッコウ]の患い。,木梗,旅先で事故に遭い、無事に故郷に帰れないのではないかという心配。
逞筆◆５,134,2014,養って愛せざるは之を[シコウ]するなり。,豕交,人を養うのに、食べさせるだけで愛情をもって接しないのは、人を遇する道とは言えないということ。
逞筆◆５,135,2015,[ユウモウ]の衣冠。,優孟,外形をたくみにまねること、他を模倣すること。また、似て非なるもののたとえ。
逞筆◆５,136,2016,[ヨウキュウ]変せず。,鷹鳩,そのものが持つ本性は、隠しようがないということ。
逞筆◆５,137,2017,[ヨウユウ]に弓を言う。,養由,無意味なこと、間が抜けていることのたとえ。釈迦に説法。
逞筆◆５,138,2018,[ヨショ]の患い。,予且,高貴な身分の者が、身分の低い者に危害を受ける危険。
逞筆◆５,139,2019,鸞鳳[ショウ]に沖するは必ず羽翼を仮る。,霄,君主が良臣の協力に頼ることのたとえ。
逞筆◆５,140,2020,利の在る所皆[ホンショ]たり。,賁諸,利益になることには、人は誰でも勇敢になるものだということ。
逞筆◆５,141,2021,流水腐らず、戸枢[ロウ]せず。,螻,常に動いているものは、沈滞したり腐敗したりしないということ。
逞筆◆５,142,2022,利を争うこと[ソウコウ]の如くにして其の掌を失う。,蚤甲,小さな利益に目を奪われて大きな利益を失うことのたとえ。
逞筆◆５,143,2023,[レイサイ]一点通ず。,霊犀,心と心が互いに通じ合うこと。
逞筆◆５,144,2024,吏たるに習わずば[イセイ]の事を視よ。,已成,役人として仕事にまだ熟達していない時は、先例を調べてそれにならうのがよい。
逞筆◆５,145,2025,[ロウオウ]を奉じて焦釜に沃ぐ。,漏甕,一刻を争う危急の場合には手段を選んではいられないということ。一刻を争うことのたとえ。
逞筆◆５,146,2026,[ロクジ]に舟漕ぐ。,陸地,不可能なことのたとえ。
逞筆◆５,147,2027,[ロジ]未だ去らざるに馬事到来す。,驢事,やりかけたことがまだ終わらないうちに、別のことが起こること。
逞筆◆５,148,2028,禍いは[センセン]より生ず。,繊繊,大きなわざわいも、きわめて小さな原因から起こる。わずかなことでも、おろそかにしてはならない。
逞筆◆５,149,2029,蓑を披て火を救い、[トク]を毀りて水を止む。,瀆,災いをしずめようとして、かえって大きくするたとえ。
逞筆◆５,150,2030,[ケツイ]あること無し。,孑遺,わずかの残りもない。一つも残っていない。
逞筆◆５,151,2031,[コホ]の日を追うよう。,夸父,自分の力を考えずに大きな事をしようとすることのたとえ。
逞筆◆５,152,2032,仏に[ネイ]す。,佞,仏道に溺れる。
逞筆◆５,153,2033,[ロウ]として破るべからず。,牢,確固として動ぜず、破ることができない。
逞筆◆５,154,2034,[ヨウチョウ]百日。,瘍疔,瘍や疔はなかなか治りにくく、100日はかかるものと思わなくてはならない。
逞筆◆５,155,2035,[ヨウチ]に咲きし芙蓉。,瑶池,清浄ですこしも俗塵の気のないさまのたとえ。
逞筆◆５,156,2036,善悪に従いて[キュウキュウ]あり。,休咎,「善を行えば則ち休徴之に報い、悪を行えば則ち咎徴之に随う」の略。善行にはよいしるしがあり、悪行には悪いしるしがあらわれる。
逞筆◆５,157,2037,箕帚の[ショウ]。,妾,人の妻となることを謙遜していう。
逞筆◆５,158,2038,国家[コンラン]して忠臣あり。,昏乱,国が乱れ暗黒となってはじめて、忠義な臣下が人の耳目をひくようになる。
逞筆◆５,159,2039,大廈千間[ヤガ]八尺。,夜臥,柱が千本も立つ大きな家に住んでも、人間ひとりが夜寝るときに占めるのは八尺の間にしか過ぎない。
逞筆◆５,160,2040,官は[カン]の成るに怠る。,宦,初心を忘れぬようにせよ。
逞筆◆５,161,2041,[ジシ]臭きことを覚えず。,自屎,自分の欠点には気づかないことのたとえ。
逞筆◆５,162,2042,[コウハク]の傷み。,巷伯,讒言のために罪に落とされた者の悲しみ。
逞筆◆５,163,2043,[キュウカ]花を生ぜず。,旧柯,衰えたものが再び栄えることは無いというたとえ。
逞筆◆５,164,2044,[キョ]に付す。,炬,火にくべて燃やす。
逞筆◆５,165,2045,[エンリツ]の命。,爰立,宰相の官を拝命すること。
逞筆◆５,166,2046,[エイジョウ]の尾を見て咫尺の軀にあらざるを知る。,盈丈,物事は一部を知れば全体が予測できる。
逞筆◆５,167,2047,天篷[ギョコウ]石榴樹。,魚缸,どれも同じでかわりばえがしないこと。
逞筆◆５,168,2048,[テンポウ]魚缸石榴樹。,天篷,どれも同じでかわりばえがしないこと。
逞筆◆５,169,2049,其の人を憎まば其の[ジョショ]を憎む。,除胥,ある人を憎いと思うと、関係あるものすべてが憎く思われる。
逞筆◆５,170,2050,青雲[シハク]の譏り。,紫陌,はるかに隔絶して気の合わないこと。
逞筆◆５,171,2051,禿筆を[カ]する。,呵,へたな文章を書く。自分の文章を謙遜していう。
逞筆◆５,172,2052,[イバ]の才。,倚馬,文を作るのに敏捷なこと。卓絶した文才。文章の天才。
逞筆◆５,173,2053,巧笑[セン]たり、美目盼たり。,倩,美人をたたえていう。※盼（ヘン）＝目がぱっちりとしていて美しいこと。
逞筆◆５,174,2054,[チュウコウ]の言。,中冓,男女が寝室でかわす睦言（むつごと）。
逞筆◆５,175,2055,賞は[エンキュウ]を論ぜず、罰は骨肉を論ぜず。,冤仇,賞は恨みのある相手に対しても依怙贔屭があってはならず、罰は肉親の間柄であっても、手かげんしてはいけない。
逞筆◆５,176,2056,[コウチョウ]の節。,後凋、後彫,苦難に動じることのない固い信念。
逞筆◆５,177,2057,会うや柳因、別るるや[ジョカ]。,絮果,人の巡り逢いや別離の因果の定めなさは、柳絮、すなわち風に吹かれるままに乱れ飛ぶ綿毛を持った柳の種子のようなものである。
逞筆◆５,178,2058,[イチラツ]が済む。,一埒,事件が解決する。
逞筆◆５,179,2059,[イチレン]の肉を嘗めて一鑊の味を知る。,一臠,一部分でもって全体を察知できることのたとえ。
逞筆◆５,180,2060,[ウガイ]は秋の月。,有涯,秋の月がともすると雲におおわれるように、この世の人は煩悩に迷わされやすい。
逞筆◆５,181,2061,[ウウン]の陣。,烏雲,烏や雲が集まったり散ったりするような、出没変化の自由自在な陣立て。
逞筆◆５,182,2062,上見れば[ボウジ]無し。,榜示,上を見ればきりがないから、適当なところで満足するのがよい。
逞筆◆５,183,2063,魚のかかるは[カンジ]に由る。,甘餌,人が名利につられて命を捨てることのたとえ。
逞筆◆５,184,2064,[ウコウ]門閭を高大にす。,于公,陰徳を行なう者は、その子孫が栄える。
逞筆◆５,185,2065,[ウンボウ]八九を吞む。,雲夢,気宇の壮大であること、心の寛闊であることのたとえ。
逞筆◆５,186,2066,越人の秦人の[ヒセキ]を視るが如し。,肥瘠,自分に関係のないものは何とも思わないことのたとえ。
逞筆◆５,187,2067,[カイジョウ]の露。,薤上,人の命のはかないことのたとえ。薤露。
逞筆◆５,188,2068,[カツ]を投ず。,轄,強いて客を引きとめる。
逞筆◆５,189,2069,[カッカ]を枉げる。,革靴,身分の尊い人がわざわざ出向いていくこと。
逞筆◆５,190,2070,良工は[クサク]の中に漸う。,矩鑿,良工は道具を使っているうちに腕をみがき、すぐれた技術を自然に身につけていくものだ。※漸う（なら-う）
逞筆◆５,191,2071,[カホ]日を追う。,夸父,自分の力量を超えた仕事にいどんで途中で挫折してしまうことのたとえ。
逞筆◆５,192,2072,解脱[ドウソウ]の衣。,幢相,袈裟の異称。
逞筆◆５,193,2073,髪結いの[ランビン]。,乱鬢,自分の技術が他人のためにだけ用いられ、自身にまで手が回らないことのたとえ。髪結い髪結わず。
逞筆◆５,194,2074,大寒にして後[キュウ]を求む。,裘,事が起こってしまってから、にわかに騒ぎたてることのたとえ。
逞筆◆５,195,2075,[カン]を通ず。,款,親しく交わる。よしみを結ぶ。転じて、敵に内通する。
逞筆◆５,196,2076,[カンキュウ]の幻。,漢宮,夢か現実かと、疑わしく思うことのたとえ。夢見心地ではっきりしないこと。
逞筆◆５,197,2077,[カンコ]苔深くして鳥驚かず。,諫鼓,天下太平のたとえ。
逞筆◆５,198,2078,[カンザン]の四鳥。,桓山,親子の悲しい別れ。
逞筆◆５,199,2079,渙然[ヒョウシャク]する。,氷釈,氷がとけるように疑問や迷いなどが解ける。
逞筆◆５,200,2080,[カンモウ]相済う。,寛猛,政治は、寛大と厳格とを組み合わせて、調和を保って行なうのがよい。※済う（すく-う）
逞筆◆５,201,2081,気、[トギュウ]を貫く。,斗牛,気力がみなぎりあふれていることのたとえ。
逞筆◆５,202,2082,犠を畏れて[ヘイ]を辞す。,聘,高い地位に就くことによって生ずる身の危険を恐れ、招聘を辞退する。
逞筆◆５,203,2083,[トウコウ]を開いて、以て賢人を延く。,東閤,普通の門のほかに、東の小門までも開いて、すなわち優遇して天下の賢者を迎え招いた。
逞筆◆５,204,2084,[キツリ]に山川を峙つ。,橘裏,自分の趣味にとじこもることのたとえ。
逞筆◆５,205,2085,[ボウシュ]の讐。,貿首,互いに相手の首をねらうような恨みの深いかたき同士。不倶戴天の敵。
逞筆◆５,206,2086,君は[ウ]の如く、民は水の如し。,盂,君主次第で民は四角にも円形にもなる。為政者の善悪の重要性を説いたことば。
逞筆◆５,207,2087,[キュウシャ]竹馬の友。,鳩車,いっしょに鳩車をいじったり、竹馬に乗ったりして遊んだ幼い時からの友だち。おさなともだち。
逞筆◆５,208,2088,[ギュウゼン]を問う。,牛喘,天下の政治を心にかける。
逞筆◆５,209,2089,[キョウラン]は翼を交えず。,梟鸞,君子と小人とは同じ所にいられないというたとえ。
逞筆◆５,210,2090,[ギョクシ]を挙ぐ。,玉趾,貴人が身を起こされる。思いたたれる。貴人の足労をいう。
逞筆◆５,211,2091,[キンシツ]を執る。,巾櫛,人の妻、または妾になること。
逞筆◆５,212,2092,[キンセツ]貴しと雖も眼に入って翳となる。,金屑,貴いものでも、場合によっては、無価値どころか有害となる。
逞筆◆５,213,2093,金屑貴しと雖も眼に入って[エイ]となる。,翳,貴いものでも、場合によっては、無価値どころか有害となる。
逞筆◆５,214,2094,虎[グウ]を負う。,嵎,英雄が一方に割拠して威力を示すことのたとえ。
逞筆◆５,215,2095,[グウ]断えて糸連なる。,藕,外見はたえているようで、内実は連続していること。
逞筆◆５,216,2096,君子[トクキョウ]にして天下平らかなり。,篤恭,在位の君主が人情にあつく、つつしみぶかければ、天下は安らかに治まる。
逞筆◆５,217,2097,君子は[キョウ]にして争わず、群にして党せず。,矜,君子は謹厳であって人と争うことはしないし、大衆の中にあっても一党一派に属するようなことはしない。
逞筆◆５,218,2098,[グンシツ]褌中に処る。,群蝨,たくさんのしらみがふんどしの中に巣くっているように、俗人が自己の世界に安住していることのたとえ。
逞筆◆５,219,2099,群蝨[コンチュウ]に処る。,褌中,たくさんのしらみがふんどしの中に巣くっているように、俗人が自己の世界に安住していることのたとえ。
逞筆◆５,220,2100,涇は[イ]を以て濁る。,渭,美人がそばにいると、醜女のみにくさが目立つことのたとえ。※涇（ケイ）＝涇水。
逞筆◆５,221,2101,[ケイコウ]の字を解くが如し。,荊公,自分勝手な解釈を下すことのたとえ。
逞筆◆５,222,2102,[ケイジン]弱草に棲む。,軽塵,人生のむなしくはかないことのたとえ。
逞筆◆５,223,2103,[ケイタイ]の君。,継体,天子の位を受け継ぐ者。世継ぎの王子。皇太子。
逞筆◆５,224,2104,[ケイチュウ]に威儀なし。,閨中,夫婦の寝室には、礼儀や作法などはない。
逞筆◆５,225,2105,[ケイヨウ]激して影唇を動かす。,軽漾,花と水が何かを語り合っているように見えるさま。
逞筆◆５,226,2106,[ゲキダン]して諱む無し。,撃断,みだりに刑罰を科してはばかるところを知らない。
逞筆◆５,227,2107,[ソッケツ]の官。,則闕、即闕,太政大臣の異称。
逞筆◆５,228,2108,鳳鳴いて[シ]翰きす。,鷙,口では鳳凰の鳴き声のように立派なことを言って、行いでは悪鳥鷙のはばたきのような悪事を働く。※翰く（はばた-く）
逞筆◆５,229,2109,[セキフ]の別れ。,隻鳧,親しい人と別れて一人行くことのたとえ。親しい人との惜別の情にいう。
逞筆◆５,230,2110,[ケン]を負う。,暄,日なたに出て、日光にあたる。またそうすることの楽しみ。特に貧しい者が貧しさの中に持つささやかな楽しみのたとえ。
逞筆◆５,231,2111,権を[リョウソ]せず政は二門せず。,両錯,権力の中心を君と臣の両方に置いたり、政務に命令系統を二つ定めたりしては、国家は成り立たない。
逞筆◆５,232,2112,[ケンシャ]の年。,懸車,官位を退職する年齢。七十歳のこと。致仕。
逞筆◆５,233,2113,[ケンヌ]は必ず無礼なり、驕る子は必ず不孝なり。,健奴,元気にはやる召使いは必ず礼儀にはずれたことをし、わがままにふるまい、ぜいたくを好む子は必ず親に不孝なことをする。
逞筆◆５,234,2114,[コ]を破り、雕を斲る。,觚,刑罰をゆるく、繁雑な法律を簡単にし、風俗を質実にすることのたとえ。※斲る（けず-る）
逞筆◆５,235,2115,[コウ]は明を以て焚かる。,膏,才能ある者は、その才能のゆえに災いを招くというたとえ。
逞筆◆５,236,2116,[コウ]を折き落を振るう。,槁,きわめてかんたんなことを行なうたとえ。※折く（くじ-く）
逞筆◆５,237,2117,[コウガン]師と為る。,抗顔,物知り顔をして、臆面もなく先生と称してふるまう。
逞筆◆５,238,2118,[コウザン]の雲を開く。,衡山,まごころが天に通じることのたとえ。
逞筆◆５,239,2119,[コウシ]を説く。,項斯,先輩が後輩をひきたてて、その才能や人柄を他に吹聴すること。
逞筆◆５,240,2120,[コウセン]の本意。,勾践,長年にわたって片時も忘れずにいだき続けてきた復讐への意志。
逞筆◆５,241,2121,[コウロウ]を経る。,劫﨟、劫臘,年数を経る。年功を積んで巧みになる。転じて、古くなって妖気がただよう感じがする。年をとって、あやしく古びてくる。
逞筆◆５,242,2122,[コジャク]の空。,枯寂,何物をも創成しない空虚。仏教でいう、いわゆる空。
逞筆◆５,243,2123,[コゼン]を引き損ねる。,虎髥,冒険に失敗し身をあやうくすることのたとえ。
逞筆◆５,244,2124,[ザッショウ]を構える。,雑餉,酒食を出して人をもてなす。また、引き出物や贈り物をする。
逞筆◆５,245,2125,三寸[フラン]の舌。,不爛,滑らかでよくまわる舌。雄弁。
逞筆◆５,246,2126,いにしえ[キョゲン]無し。,虚諺,昔からのことわざにうそはない。
逞筆◆５,247,2127,山筆[カイケン]にも及び難し。,海硯,書き表わしきれない。表現しきれない。
逞筆◆５,248,2128,子と[ホウ]を同じくせん。,袍,一枚の綿入れの着物をきみと仲間で使おう。転じて、友人どうし互いに親しみ、困難を共にしよう。
逞筆◆５,249,2129,磁石は[キョクシン]を受けず。,曲鍼,清廉な人は、不正をうけいれず、潔白に身を処しつづけることのたとえ。
逞筆◆５,250,2130,[シャイ]路に塞がる。,赭衣,罪人の多いこと。
逞筆◆５,251,2131,[シュウコウ]が手を出だし斑狼が涙。,愁猴,尽きないなごりを惜しむさま。
逞筆◆５,252,2132,姑に[セッポウ]なし。,拙縫,姑が自分が若かった時のことを得意げにいうさま。姑の十七見た者がない。
逞筆◆５,253,2133,書を読むには須く熟読すべし、菜根は須く[サイシャク]すべし。,細嚼,読書は熟読することが大切であり、野菜の根は細かく嚙んで味わって食べるべきである。
逞筆◆５,254,2134,屠門を過ぎて[タイシャク]す。,大嚼,肉を食べなくてもそれで心持ちを満足させる。
逞筆◆５,255,2135,[トモン]を過ぎて大嚼す。,屠門,肉を食べなくてもそれで心持ちを満足させる。
逞筆◆５,256,2136,[ショウ]を負いて立つ。,牆,弟子が師に対する質問を終えて、今までいた自分の席を他の弟子にゆずること。
逞筆◆５,257,2137,[ショクスン]の詩。,燭寸,詩作の早さを競わせるため、ろうそくがわずか一寸燃える間に詩を作らせること。また、その詩。
逞筆◆５,258,2138,[シラチ]を分ける。,仕埒,理非・曲直をはっきりさせる。事の正否を明らかにする。
逞筆◆５,259,2139,[ジリョウ]の闘い。,二竜,仲裁の不可能な争いのたとえ。
逞筆◆５,260,2140,城[コウ]に復る。,隍,太平の世が衰えて平和も乱れ戦争が起こりそうなことのたとえ。
逞筆◆５,261,2141,焦螟[ブンショウ]に集まる。,蚊睫,人類が互い争うことを達観すれば、あたかも焦螟が蚊のまつげに集まって相触れるようなもので、きわめて小さく論じるに足りないこと。
逞筆◆５,262,2142,[ショウメイ]蚊睫に集まる。,焦螟,人類が互い争うことを達観すれば、あたかも焦螟が蚊のまつげに集まって相触れるようなもので、きわめて小さく論じるに足りないこと。
逞筆◆５,263,2143,[クンプ]の余。,燻腐,宦官のこと。
逞筆◆５,264,2144,[キョクボク]の聴。,棘木,罪状を問いただすこと。
逞筆◆５,265,2145,棟折れ[スイ]崩る。,榱,上官がつまずくときは部下も倒れるたとえ。
逞筆◆５,266,2146,[シンシン]の好。,晋秦,仲間としてのかたい結びつき。
逞筆◆５,267,2147,[シンル]に順う者は帷幕を成す。,針縷,小さなものも集まればやがて大きなものになるというたとえ。
逞筆◆５,268,2148,痛処に[シンスイ]を下す。,針錐,人の欠点を鋭く指摘して戒めることのたとえ。
逞筆◆５,269,2149,離朱の明は[シンマツ]を百歩の外に察すれども淵中の魚を見る能わず。,箴末,物事の深遠な道理はどんな賢人でもなかなか窮められないというたとえ。
逞筆◆５,270,2150,[ゼン]を杜じ、萌を防ぐ。,漸,すべて事の始めにあたって防ぐ。
逞筆◆５,271,2151,其の[フ]に考訊して出さば則ち怨靖からん。,阜,多数の意見を尊重すれば人心の和が保たれること。
逞筆◆５,272,2152,青蠅も[スイキョク]を穢す能わず。,垂棘,よこしまな論で正しい道理をまげることはできないというたとえ。
逞筆◆５,273,2153,千金の子[ドウスイ]に坐せず。,堂陲,金持ちの子は、からだが大切なので軽率な行動をしない。
逞筆◆５,274,2154,楓葉衰えて[ロキツ]花開く。,盧橘,秋から冬への季節の移り変わり。また、衰えるものがあれば一方では栄えるものがあるというたとえ。
逞筆◆５,275,2155,[ヘンポウ]の急。,辺烽,辺地の急変、敵の来襲などを知らせる至急の報。
逞筆◆５,276,2156,制を[タ]む。,矯,天子の詔勅であるといって人をいつわる。
逞筆◆５,277,2157,[テイソク]の勢い。,鼎足,鼎の足のように、三者が向かい合って立つ形勢。三方に割拠して対立する形勢。
逞筆◆５,278,2158,[ソテキ]の誓い。,祖逖,再び生還しないという誓い。
逞筆◆５,279,2159,[トセイ]は畝を同じくせず。,荼薺,にが菜と甘菜は、同じ畑には植えない。君子を甘菜、小人をにが菜にたとえて、君子は小人と共に同じ朝廷に仕えることはできないというたとえ。また、善人と悪人はいっしょにいるべきではないというたとえ。
逞筆◆５,280,2160,[ソセイ]の先鞭。,祖生,人より先に馬に鞭打って、さきがけの功名をする祖生の故事。すべて人に先んじて着手すること。
逞筆◆５,281,2161,[ロウ]寿の二つを積む。,﨟、臘,年功と長寿の二つを積む。名実ともに長老となる。
逞筆◆５,282,2162,無常の[セッキ]。,刹鬼、殺鬼,人の命を奪うこの世の無常。恐ろしい鬼にたとえていう。死。
逞筆◆５,283,2163,[カイセツ]の袖。,回雪、廻雪,巧みに舞って、風に舞う雪のようにひらひらと翻す袖。また、そのような舞いぶり。
逞筆◆５,284,2164,婦に長舌あるは維[レイ]の階。,厲,婦女のおしゃべりは天下の乱やわざわいを生ずるもとである。
逞筆◆５,285,2165,麻矢は直く[ホウセン]は曲がれり。,蓬箭,物には、それぞれ本質的に真っ直ぐなものと曲がったものとがある。
逞筆◆５,286,2166,[センキョウ]の楽しみ。,遷喬,高い地位に昇進したり、よい方向に転じたりする楽しみ。
逞筆◆５,287,2167,民[ソラン]の情を懐けば七歳蝗損に遇う。,疎懶,人々が熱心に働かないようになると、天はこれを罰して七年の間虫に農作物を荒らさせる。
逞筆◆５,288,2168,民疎懶の情を懐けば七歳[コウソン]に遇う。,蝗損,人々が熱心に働かないようになると、天はこれを罰して七年の間虫に農作物を荒らさせる。
逞筆◆５,289,2169,薪を均して火を施せば火は[ソウ]に就く。,燥,関連する物事は互いに引き付け合うというたとえ。
逞筆◆５,290,2170,[ソウラン]茂らんと欲し秋風之を敗る。,叢蘭、草蘭,立派な人物が小人の画策に邪魔されてその徳を発揮できないことのたとえ。
逞筆◆５,291,2171,[ビ]を逐うの狗は当に兎を顧みるべけんや。,麋,大利を求める者は、小利を顧みないたとえ。
逞筆◆５,292,2172,[チンソウ]蛙を産す。,沈竈,ひどい洪水のたとえ。
逞筆◆５,293,2173,銭財積まざれば則ち[タンシャ]憂う。,貪者,欲の強い人が、欲にふりまわされて自分自身を見失うこと。
逞筆◆５,294,2174,[カゾク]防ぎ難し。,家賊,家族の中に盗みをする者がいる場合は、防ぎようがない。転じて、心のうちにひそむ悪は改めることが難しい。
逞筆◆５,295,2175,[コシン]の弥陀。,己心、己身,自分の心の中にある阿弥陀如来。阿弥陀如来は極楽浄土にあるのではなくて、自分の心の中にあることをいう。唯心の浄土。
逞筆◆５,296,2176,[メイダ]千里の足。,明駝,足の速いこと。
逞筆◆５,297,2177,[モンタイ]が無い。,紋体,形が整わないし、道理にも合わない。正体がない。
逞筆◆５,298,2178,人は花実[タイタイ]。,対対,人は道理と人情を兼ね備えているのがよい。
逞筆◆５,299,2179,月に[イッケイ]を攘み以て来年を待つ。,一鶏,悪事と知りながら、すぐにはやめず、何かと理由をつけて先に延ばそうとすることのたとえ。悪いと知ったなら、それを改めるに憚ることなく、すぐ実行すべきだという戒めにいう。
逞筆◆５,300,2180,燕石を裹み、[ゲンポ]を履み、魚目を帯びて漲海に遊ぶ。,玄圃,自慢してかえって恥をかくことのたとえ。
逞筆◆５,301,2181,燕石を裹み、玄圃を履み、魚目を帯びて[チョウカイ]に遊ぶ。,漲海,自慢してかえって恥をかくことのたとえ。
逞筆◆５,302,2182,一貧一富乃ち[コウタイ]を知る。,交態,人は、人生の転変によって、世間の人々の交際のありさまを知る。一死一生乃ち交情を知る。
逞筆◆５,303,2183,[エンガン]代わって飛ぶ。,燕雁,人と人とが互いに会うこともなくすれちがうことのたとえ。
逞筆◆５,304,2184,[エンダイ]の召し。,燕台,君王に手厚く遇せられること。
逞筆◆５,305,2185,盲人[カツバ]に騎りて夜半に深池に臨む。,瞎馬,きわめて危険なことのたとえ。
逞筆◆５,306,2186,[ハンドク]が愚痴も文殊の知恵。,槃特,仏教の前には知者も愚者も同じで、愚者も修行すれば知者と同じく悟りを得られる。
逞筆◆５,307,2187,[キチク]の交わり。,騎竹,幼いころからの交友。竹馬の交わり。
逞筆◆５,308,2188,[チクシュウ]の臣。,畜聚、蓄聚,倹約をして人を愛し、人の善言を受け入れ、民衆を集め養うりっぱな家臣。
逞筆◆５,309,2189,高材[シッソク]の者。,疾足,すぐれた働きのある人をいう。
逞筆◆５,310,2190,[メンヨ]は忠にあらず。,面誉,その人の面前でほめるような者は心に誠がない。
逞筆◆５,311,2191,介冑[ギシツ]を生ず。,蟻蝨,戦乱が長く続くこと。介冑蟣蝨を生ず。
逞筆◆５,312,2192,[カイチュウ]蟻蝨を生ず。,介冑,戦乱が長く続くこと。介冑蟣蝨を生ず。
逞筆◆５,313,2193,服の[チュウ]ならざるは身の災いなり。,衷,服装がふつりあいなのは、身に災いを招くもとである。
逞筆◆５,314,2194,百服の[ホンピ]。,本非,いろいろと多くの茶を飲むこと。
逞筆◆５,315,2195,無服の[ショウ]。,殤,七歳以下で死ぬこと。
逞筆◆５,316,2196,[スウシャ]時あり。,趨舎,人の進退にはおのおの時期があるものだ。
逞筆◆５,317,2197,[チンヨウ]の影再び改まる。,椿葉,永く栄える。
逞筆◆５,318,2198,[チンチョウ]海に隠れて鯨を害す。,鴆鳥,弱小なものでも大敵を倒すことがあるというたとえ。
逞筆◆５,319,2199,[キョウク]塊を追う。,狂狗,目先の事に目がくらんで、その根源を見きわめられないことのたとえ。犬塊を逐う。
逞筆◆５,320,2200,[コッケツ]の風は長ずべからず。,告訐,悪事を摘発することは、政治を正す一方法ではあるが、その風潮を重用してはいけない。さもなければ必ず人情を損ない、より一層の弊害を生じる。哲宗のことば。
逞筆◆５,321,2201,一種[イッペイ]は亭主の課役。,一瓶,肴一品と酒一本の用意は、客をもてなす亭主として当然の義務である。
逞筆◆５,322,2202,[ニテイ]を踏む。,二庭,女が再婚すること。
逞筆◆５,323,2203,[テイシュ]の学。,程朱,中国宋代の儒学者、程顥（テイコウ）・程頤・朱熹の唱えた学説。朱子学。
逞筆◆５,324,2204,[テイハク]の衣食に飽く。,鄭白,衣食に事欠かず、満ち足りた生活を送ることのたとえ。
逞筆◆５,325,2205,[テイ]翼を濡らさず。,鵜,小人たちが功労もないのに、高い位を貪っていることのたとえ。
逞筆◆５,326,2206,百里樵を販がず千里[テキ]を販がず。,糴,身近でどこにでもあるようなものは交易しないのが当然である。
逞筆◆５,327,2207,百里[ショウ]を販がず千里糴を販がず。,樵,身近でどこにでもあるようなものは交易しないのが当然である。
逞筆◆５,328,2208,過去[ジンテン]の如し。,塵点,遠い昔をたとえていう。
逞筆◆５,329,2209,[ヨウシュウ]山を以て卑しと為して巣を其の上に増す。,鷹鷲,険しい高山にすむ鷹や鷲はその山すら低いとして、巣をより高く築く。居所をえらび、危険から遠ざかろうとつとめることのたとえ。また一説には、そのような鷹や鷲も餌につられて捕らえられるところから、人間も利欲を慎まないと失敗するという戒めをこめる。
逞筆◆５,330,2210,渡口の[ユウセン]は風静まって出ず。,郵船,渡し場の定期船は風が落ち着くのを待って出帆する。転じて、安全を考えて慎重に事を運ぶことのたとえ。
逞筆◆５,331,2211,[ドゲイ]の石を抉るが如し。,怒猊,勢いがあって力強いさまのたとえ。
逞筆◆５,332,2212,両虎相闘って[ドケン]其の弊を受く。,駑犬,二頭の虎が戦って疲れたすきに乗じて、つまらない犬が労なくして利を得る。
逞筆◆５,333,2213,湍水の[シンガク]に赴くが若し。,深壑,民百姓が仁政のところに赴くことは、あたかも滝つ瀬の水が深い谷に赴くようなもので、防ぎとめようとしても防ぎとめることのできるものではない。
逞筆◆５,334,2214,[ドウコウ]を紹ぐ。,堂構,父の設計を受け継いで、子が家を建てること。転じて、父祖の家業、事業を継承すること。
逞筆◆５,335,2215,[ドウミャク]食わす。,銅脈,にせ物をつかます。だます。
逞筆◆５,336,2216,錦に[トクセキ]を包む。,特石,上べはきらびやかでりっぱだが、中身はいたってひどいことのたとえ。錦の袋に糖味噌を包む。錦の袋に糞を包む。
逞筆◆５,337,2217,[フウソウ]の徳。,風草,君子の仁徳。
逞筆◆５,338,2218,刀を売り[トク]を買う。,犢,兵事をやめて農業につとめる。また、武士が帰農すること。剣を売り牛を買う。
逞筆◆５,339,2219,[リンユ]の独覚。,麟喩,ひとりで出家し、ひとりで悟りをひらく修行者。
逞筆◆５,340,2220,鳳凰[トン]に家鴨の変ず。,頓,すぐれた人物が急にくだらない人間になりさがることのたとえ。
逞筆◆５,341,2221,一杯の水を以て[シャシン]の火は救い難し。,車薪,小をもって大に当たることはできない。
逞筆◆５,342,2222,賢に任ずるに[ニ]する勿れ。,弐,賢人を採用し政務につかせるからには、君主は一切をまかせて信頼し、疑ってはならない。
逞筆◆５,343,2223,物の[セイキ]は、亦た自ら定数あり。,成毀,仕事の成功するか、失敗するかは、おのずから定まった運命であるから、事の成否をいちいち考えているのでは行動などできるものではない。
逞筆◆５,344,2224,[リョウシュウ]能く舞う。,綾袖,条件がよいと、事を成すのに有利であることのたとえ。長袖よく舞い多銭よく商う。
逞筆◆５,345,2225,[ヨウコウ]の波。,陽侯,海神の起こす波。海の波をいう。
逞筆◆５,346,2226,[ソシュ]事を破る。,鼠首,決断力がないために事を仕損じる。鼠が穴から首を出したりひっこめたりするように、事に臨んで疑い深く、行動が定まらないため、失敗を招くことをいう。
逞筆◆５,347,2227,[イットウ]の外、皆他人の家なり。,一榻,自分の寝台のほかは、みな他人の家同様である。不安で眠れない。宋はなお多くの国に取り囲まれているからだ。
逞筆◆５,348,2228,[サクバイ]がつかぬ。,策媒、策配,都合がつかない。始末におえない。
逞筆◆５,349,2229,[ショウカ]の官。,燮和,宰相の異称。
逞筆◆５,350,2230,[イハク]修まらず。,帷薄,男女の関係、風紀が乱れていること。帷幕修まらず。
逞筆◆５,351,2231,蟷螂が斧を怒らせて[リュウシャ]に向かう。,隆車,弱者が、自分の力をわきまえず、強者に刃向かう。無謀で、身のほどをわきまえない行ないをすることのたとえ。
逞筆◆５,352,2232,涙[キコツ]を絞る。,肌骨,くやしさや感動で涙があふれ出る。また、全身で感情を表わすことのたとえ。
逞筆◆５,353,2233,[メンバン]たる黄鳥丘隅に止まる。,綿蛮,人間でありながらとどまる所を知らなければ鳥にさえ劣る。人はとどまる所を知るべきというたとえ。
逞筆◆５,354,2234,竜蟠[ホウイツ]の士。,鳳逸,非凡な才能を持ちながらまだ世に用いられず、民間にいる者。
逞筆◆５,355,2235,[ロウカイ]悲しむ。,老槐,年を経た槐の木が老いを悲しむ。槐の古木には霊があるとしていう。
逞筆◆５,356,2236,[フシツ]に伏す。,斧質,斬刑に処せられる。
逞筆◆５,357,2237,[ホウロウ]には松柏無し。,部婁,偉大な人物は、自分にふさわしくないつまらない場所にはいないというたとえ。
逞筆◆５,358,2238,[リョウサン]舞うが如し。,両驂,馬車の統御の巧みさのたとえ。
逞筆◆５,359,2239,[フッキュウ]の涙。,副急,まにあわせの涙。そら涙。
逞筆◆５,360,2240,孤児寡婦を欺き、[コビ]して以て天下を取るに効わず。,狐媚,孤児や寡婦などの力のない人を欺いて、天下を取るようなことはやらない。曹孟徳や司馬仲達がやったような真似はしない。石勒のことば。
逞筆◆５,361,2241,袖は[シンミョウ]の半仕事。,針妙,袖が縫えれば、針仕事は半分できたようなものである。和裁で袖を縫うことのむずかしさをいう。
逞筆◆５,362,2242,諸悪[マクサ]諸善奉行。,莫作,諸悪をなしてはいけない、善行を積まねばならぬという仏教の教え。七仏通誡の偈の初めの句。
逞筆◆５,363,2243,[シンマク]に負えぬ。,慎莫、身莫,始末に困る。手のつけようがない。どうしようもない。
逞筆◆５,364,2244,[セイロ]の学。,斉魯,孔孟の学。儒学。
逞筆◆５,365,2245,[ホウコウ]が笑み。,包公,非常にまれなことのたとえ。
逞筆◆５,366,2246,[ヨウホウ]黄雀の病を扶く。,楊宝,生前の功徳によって、子々孫々までその報いを受ける。
逞筆◆５,367,2247,[ヨウシ]が功を先とす。,雍歯,最もきらう者を先にとりたてることで、人心掌握を計ること。
逞筆◆５,368,2248,[ヨウシン]の四知。,楊震,秘密はもれやすく、誰も知らないと思っていても案外知っている者がある。天知る地知る我知る人知る。
逞筆◆５,369,2249,[ホウレイ]の浜には魚を以て犬に食らわしむ。,彭蠡,供給が多いと貴重な品も粗末にあつかわれることのたとえ。
逞筆◆５,370,2250,[ホウウ]の嗟き。,鴇羽,人民が戦争にかり出されて父母を養うことのできないなげき。
逞筆◆５,371,2251,斥鴳が[ホウ]を笑う。,鵬,わずかな高さに飛ぶことで満足している小鳥が、大空高く飛ぶおおとりを笑う。低い理想に安んじている者には大きな望みをもつことが理解できないというたとえ。※斥鴳（セキアン）＝小鳥。鶉に似るとされる。
逞筆◆５,372,2252,[ボウリ]閑を偸む。,忙裏,忙しい中でもひまを見つけて楽しむ。忙中自ずから閑あり。
逞筆◆５,373,2253,[チョウサイボウ]にする。,嘲斎坊,なぶりものにする。ばかにする。
逞筆◆５,374,2254,[ランボウ]の取り残し。,濫妨、乱妨,暴力で無法に奪いとられたあとの残り。掠奪されたあとでも、被害をまぬがれたものがいくらかは残っているものだ。
逞筆◆５,375,2255,[ボウ]を煮て珠の爛るるを知らず。,蚌,方法・手段をまちがえて、貴重なものをだめにすることのたとえ。
逞筆◆５,376,2256,[ボウウン]の情。,望雲,遠く離れた父母を思う心。
逞筆◆５,377,2257,[ボウヨウ]の嘆。,望洋,深遠な思想や学問に対して、自分の力の及ばないのをなげくこと。
逞筆◆５,378,2258,一棒一条痕[イッカク]一掌血。,一摑,精神の集中をたとえた禅語。
逞筆◆５,379,2259,人を取るに[ボウ]を以てす。,貌,人を採用するときに、外見にごまかされて、実質を見定めずに判断すること。
逞筆◆５,380,2260,[エンヨク]の謀。,燕翼,祖先が子孫のために残した良いはかりごと、手段。また、賢臣が君主をよく補佐して示す政策。
逞筆◆５,381,2261,蓼虫[キサイ]に徙るを知らず。,葵菜,それぞれ自分の好みに従って、他へ心を移さないことのたとえ。蓼の虫葵に移らず。
逞筆◆５,382,2262,河、角を射れば夜作に堪え、[リセイ]没すれば水骨を生ず。,犂星,天の川が角宿にかかれば夜なべの季節であり、犂星が没するころになると水がこおる季節である。
逞筆◆５,383,2263,牛溲馬勃[ハイコ]の皮。,敗鼓,価値の無いもの、役に立たないもののたとえ。
逞筆◆５,384,2264,鉄桶を[ホントウ]す。,翻倒,がんこな煩悩を抜け出て悟りをひらくこと。
逞筆◆５,385,2265,[ソウマ]の交。,桑麻,桑や麻の作柄などを話しあうつきあい。農民どうしの田園の交際。政治や公務などのわずらわしい話をしない気楽な交際。
逞筆◆５,386,2266,鴛鴦[シュウリョウ]して君の看るに従す。,繡了,自分の秘訣を人に知られるのをきらい、出し惜しみすること。
逞筆◆５,387,2267,[イラン]は未練の相。,違乱,約束をたがえるのは優柔不断の証拠である。
逞筆◆５,388,2268,[コウケツ]未だ乾かず。,口血,約束を結んでからまだ間がない。
逞筆◆５,389,2269,[リョウド]未だ乾かず。,陵土,天子の死後、間もないことをいう。
逞筆◆５,390,2270,[タイコウ]は和せずして遺味あり。,大羹,宗廟の大礼に供える肉の汁には調味料を用いず、簡素な味のままとするが、これは、人民に口腹の欲、好悪の情を極めさせず、人道の中正を教えようとした先王のしきたりのしのばれる味である。
逞筆◆５,391,2271,比近説ばざれば[シュウエン]を務むる無かれ。,修遠,近くの者と親しむのがたいせつである。根本にかえって身近なものを大事にすべきである。
逞筆◆５,392,2272,[ヒキン]説ばざれば修遠を務むる無かれ。,比近,近くの者と親しむのがたいせつである。根本にかえって身近なものを大事にすべきである。
逞筆◆５,393,2273,[ムルイ]の人。,無累,わずらいのない人。物欲を超越した人。
逞筆◆５,394,2274,目、鏡を失えば以て[シュビ]を正すこと無し。,鬚眉,人は常に道を鏡として己の身を正すべきであるというたとえ。
逞筆◆５,395,2275,[ラッシ]も無い。,﨟次、臘次,①秩序がない。順序、次第が整っていない。乱雑である。だらしがない。らちもない。②つまらない。役にも立たない。
逞筆◆５,396,2276,陰行あれば[ショウメイ]あり。,昭名,隠れた善行のある者は、必ずいつかは輝く名誉が与えられる。陰徳あれば陽報あり。
逞筆◆５,397,2277,[キュウツウ]各命有り。,窮通,人が困窮するのも、富み栄えるのも、人それぞれの定まった運命によるものである。
逞筆◆５,398,2278,[サメイ]の士。,佐命,天命により天子となる人を助けて、天下の平定に功績のあった功臣。
逞筆◆５,399,2279,[リロウ]が明。,離婁,視力・眼力のすぐれていること。
逞筆◆５,400,2280,[メンショウ]の譏り。,面牆,無学のそしり。学問や知識がないという批判。
逞筆◆５,401,2281,博奕博労掏摸[ガンドウ]。,強盗,悪い遊び、荒っぽい商売、不正なかせぎをするものを並べたことば。
逞筆◆５,402,2282,猛勢[セッショ]なし。,節所、切所、殺所,勇猛な軍勢の前では、どんな要害でも防ぐことができない。大軍に関所なし。
逞筆◆５,403,2283,遠人に[ジボク]なし。,耳目,遠方の人物の顔には目、鼻、口、耳など細かい点は描き入れないのが画法である。
逞筆◆５,404,2284,[シュクジュウ]に目の潰るる。,宿執,前世で悪いことをしたために目が潰れる。
逞筆◆５,405,2285,慢蔵は盗を誨え、[ヤヨウ]は淫を誨う。,冶容,倉庫の戸締まりをおろそかにすることは人に盗んでくれというようなものであり、女がなまめかしく化粧するのは人に淫らな心を起こさせるようそそのかしているようなものだ。
逞筆◆５,406,2286,[マンゾウ]は盗を誨え、冶容は淫を誨う。,慢蔵,倉庫の戸締まりをおろそかにすることは人に盗んでくれというようなものであり、女がなまめかしく化粧するのは人に淫らな心を起こさせるようそそのかしているようなものだ。
逞筆◆５,407,2287,[チョウシボウ]の夜の聞き。,暢師坊,谷川の瀬音を夜の静けさの中で聞くこと。
逞筆◆５,408,2288,[クンシンサシ]の薬。,君臣佐使,昔、使い方から薬を類別した名称。薬効のゆるやかな「君」を主薬とし、「臣佐使」の三つを病状に応じて用いる補助薬とする。
逞筆◆５,409,2289,[ゴコ]に薬を売る。,五湖,官を辞して野にくだり、名声、欲望を捨てて静かな暮らしをすること。
逞筆◆５,410,2290,心腹を[ユシャ]す。,輸写,心中をすべて打ち明けて示す。まごころを示す。
逞筆◆５,411,2291,[ホウガイ]の友。,方外,世間一般のつきあいを越えた心からの友。お互いの住む環境や立場、主義などを越えた、深いつながりのある友。
逞筆◆５,412,2292,緑陰幽草、[カジ]に勝る。,花時,夏の涼しい緑の木陰と人気のないところにはえる草は、春の花の景色よりまさっている。
逞筆◆５,413,2293,[ユウカ]に死す。,牖下,自分の家で安らかに死ぬことをいう。畳の上で往生する。
逞筆◆５,414,2294,[ヨバ]を仮る者は足を労せずして千里を致す。,輿馬,他の力を利用することによって、能率よくしかも容易に事をなし得ることのたとえ。
逞筆◆５,415,2295,珍事[チュウヨウ]時の過ち。,中夭,思いがけない災難。珍事中夭。
逞筆◆５,416,2296,浴は[コウカイ]を必とせず、之が垢を去るを要す。,江海,物事は何も最高でなくとも、必要な条件をみたすことができればそれでよい。
逞筆◆５,417,2297,[シュウキョク]は直を容れず。,衆曲,多数の悪人の中では少数の者の正しい意見や行為は受け入れられない。多数の力となった悪の恐ろしさをいう。
逞筆◆５,418,2298,[シュウシュウ]たる谷風、以て陰り以て雨降る。,習習,やわらかな春風がそよそよと吹いて天が曇り、そしてやがて万物を恵む雨が降ってくる。それと同じように家庭にあっても時には波風の立つこともあろうが、春風のように和気をもっておさめていけば一家も円満に行くものだ。※陰り（くも-り）
逞筆◆５,419,2299,[カンヨウキュウ]も滅ぶ時は滅ぶ。,咸陽宮,どのように栄えたものでもいつかは必ず滅びる。盛者必衰。
逞筆◆５,420,2300,[ヨウダイ]の夢。,陽台,男女の情交。また、そのはかないこと。巫山の雲雨。
逞筆◆５,421,2301,暗がり様は[スイサマ]。,粋様,暗がりも恋をするものにとっては、またよいものである。
逞筆◆５,422,2302,屨賤しく[ヨウ]貴し。,踊,徳によって治める政治が行なわれず、刑罰が頻繁に行なわれることのたとえ。※屨（ク）＝くつ、草履。
逞筆◆５,423,2303,[ヨウカ]の天。,養花,春雨の降る暖かな時候。花曇りの天気。
逞筆◆５,424,2304,[ヨウシ]驥尾に付く。,蠅子,愚者が賢人に従って何事かをやりとげることのたとえ。すぐれた人の仕事を見習って励むことを謙遜していう。驥尾に付す。
逞筆◆５,425,2305,漏甕を奉じて[ショウフ]に沃ぐ。,焦釜,一刻を争う危急の場合には手段を選んではいられないということ。一刻を争うことのたとえ。
逞筆◆５,426,2306,[ヨクキ]の楽しみ。,浴沂,門人を連れて郊外に遊ぶ楽しみ。悠々自適のたとえ。沂に浴し舞雩に風し詠じて帰らん。※舞雩（ブウ）＝天を祭り雨を祈る所。
逞筆◆５,427,2307,[ヨクシャ]の色。,欲炙,物欲しそうなようす。炙を欲する色。
逞筆◆５,428,2308,[ランヨク]の恩。,卵翼,小さな時から育てられた恩。
逞筆◆５,429,2309,兎糸[ジョラ]に付く。,女羅、女蘿,男女の結合、結婚のたとえ。
逞筆◆５,430,2310,[ラフ]の夢。,羅浮,羅浮山麓の梅林の中で見る夢。転じて、梅の花のことをもいう。
逞筆◆５,431,2311,[フウウシンライ]は天地の御政事。,風雨震雷,大風・洪水・地震・雷などの天変地異は天地のなす所で、人力では防止することができない。
逞筆◆５,432,2312,缾の罄くるは維[ライ]の恥。,罍,援助すべき立場のものが、それをできないのは恥である。※缾（ヘイ）。罄きる（つ-きる）
逞筆◆５,433,2313,[フウ]呉江に落つ。,楓,実際に見てみると、以前に聞いて評価していたよりも劣って見えるものだ。
逞筆◆５,434,2314,芝蘭玉樹[テイカイ]に生ず。,庭階,一門から優秀な子弟を多く世に出すことのたとえ。
逞筆◆５,435,2315,罰も[リショウ]もある。,利生,罰を与えることも恵みを与えることもある。きびしさもあり、やさしさもある。
逞筆◆５,436,2316,一寸の光陰は[シャリ]の金。,沙裏,わずかな時間でも、砂の中に見出した金のように、たいせつにしなくてはいけない。時は金なり。
逞筆◆５,437,2317,[テイモン]雪に立つ。,程門,弟子が師を重んずる心の篤いこと、道を求めるに熱心なこと。
逞筆◆５,438,2318,[キョウショ]の律。,挟書,中国、秦の始皇帝の時、民間で書物を所蔵するのを禁じた法律。医薬、卜筮、種樹の書以外の書物を蔵することを禁じ、もしこれを犯す者はその一族を滅した。
逞筆◆５,439,2319,白刃前に交われば[リュウシ]を顧みず。,流矢,大難が起こった時には小難を顧みるいとまがないというたとえ。
逞筆◆５,440,2320,深山大沢[リュウジャ]を生ず。,竜蛇,規模が大きく奥まった特別な土地からは、傑出した人物が出てくるというたとえ。また、一族に災いする人物が現われるたとえとも、賢才偉人が出現するたとえともいう。
逞筆◆５,441,2321,深山[ダイタク]竜蛇を生ず。,大沢,規模が大きく奥まった特別な土地からは、傑出した人物が出てくるというたとえ。また、一族に災いする人物が現われるたとえとも、賢才偉人が出現するたとえともいう。
逞筆◆５,442,2322,王昭君が[コチ]の旅。,胡地,心の進まない悲しい旅路。
逞筆◆５,443,2323,鵲[ダイリ]の庭に巣くう。,大理,天下がよく治まっていることのたとえ。
逞筆◆５,444,2324,蠹啄みて[リョウチュウ]を剖く。,梁柱,災いは小さいうちに取り除くべきだというたとえ。
逞筆◆５,445,2325,[リョウキン]尽きて走狗煮らるる。,猟禽,用がなくなれば捨てられることのたとえ。狡兎死して走狗烹らる。
逞筆◆５,446,2326,[ヒツバ]隻輪も反るなし。,匹馬,戦いに大敗したさま。
逞筆◆５,447,2327,匹馬[セキリン]も反るなし。,隻輪,戦いに大敗したさま。
逞筆◆５,448,2328,天涯[ヒリン]の如し。,比隣,身は天の果てほど遠く離れた所に住んでも、心は軒をつらねて近隣に住んでいるかのように近く通い合う。
逞筆◆５,449,2329,愁猴が手を出だし[ハンロウ]が涙。,斑狼,尽きないなごりを惜しむさま。
逞筆◆５,450,2330,[センコウ]の涙。,千行,幾すじもの涙。とめどなく流れる涙。
逞筆◆５,451,2331,累の面から[ウンジョウ]を取る。,運上,女の容貌のひどく醜いさま。※累（かさね）
逞筆◆５,452,2332,九層の台は[ルイド]より起こる。,累土,小さな物の積み重ねが、結局は大をなすことのたとえ。
逞筆◆５,453,2333,[セイビ]の礼。,斉眉,眉とひとしくする礼。食膳を眉と同じ高さに捧げ持つところから、妻が夫をあつく敬うこと。妻が夫によく仕えること。
逞筆◆５,454,2334,[レイダ]の珠。,霊蛇,暗夜に光を放つという宝珠。昔、中国で、随侯が傷ついた蛇を助けて、その蛇から授かったと伝えられる玉をいう。和氏の璧と共に珍重された。夜光る玉。夜光の璧。
逞筆◆５,455,2335,[レンケイ]倶に棲に止まる能わず。,連鶏,何人もの英雄が一つの国で平和に共存できないというたとえ。
逞筆◆５,456,2336,[コウロジョウ]一点の雪。,紅炉上,心の迷い、私欲などがすっかり溶けて消えることのたとえ。
逞筆◆５,457,2337,[キンギュウ]を駆りて路を開く。,金牛,相手の欲の深いのを利用して成功することのたとえ。
逞筆◆５,458,2338,軽車の[ジュクロ]に付くが如し。,熟路,物事に熟達して、容易に行なうことのできるさまのたとえ。
逞筆◆５,459,2339,[ケンロ]を避く。,賢路,後進に委ねて官を辞職すること。引退することをへりくだっていう。
逞筆◆５,460,2340,政は[ロエイ]の如し。,魯衛,政治の行ない方がよく似ていて、共に善政を施すことのたとえ。
逞筆◆５,461,2341,[ロハン]が雲。,魯般,魯般が作った雲にとどくような梯（はしご）。転じて、及ばないことのたとえ。雲に梯（かけはし）。
逞筆◆５,462,2342,[ロ]に当たる。,盧,酒場で、酒の燗をするいろりの番をする。お燗番をする。
逞筆◆５,463,2343,[メイカク]陰に在り其の子之に和す。,鳴鶴,薄暗い所で親鶴が鳴くと、子鶴がこれに和して鳴くように、親子の情愛は自然に現われるものである。また、徳ある者はかくれていても世に知られるというたとえ。
逞筆◆５,464,2344,[セイリ]の交わり。,勢利,権勢や利欲だけを目当てにした交際。勢力や利益を得たいための付き合い。
逞筆◆５,465,2345,上帝[ハンハン]として、下民卒く癉む。,板板,悪いことをすると、天の神が怒ってそのために人民がことごとく苦しみ悩む。※卒く（ことごと-く）。癉む（や-む）
逞筆◆５,466,2346,焦頭爛額を[ジョウカク]と為す。,上客,根本を忘れ瑣末なことを重視すること。また、物事を非常に苦労してすること。
逞筆◆５,467,2347,[タンボク]、金を辞す。,端木,納得のいかない金は受け取らないという潔癖な態度のこと。
逞筆◆５,468,2348,[フヨ]の色。,不予,不愉快そうな顔つき。
逞筆◆５,469,2349,日に[リョウ]し月に替す。,陵,日に日に衰えること。
逞筆◆５,470,2350,詩思は灞橋風雪の中、[ロシ]の上に在り。,驢子,詩を作るのに絶好な場所のこと。※灞橋（ハキョウ）
逞筆◆５,471,2351,[ソジュン]の気。,蔬筍,僧侶のような性格。
逞筆◆５,472,2352,[ハンイ]の戯れ。,斑衣,孝養のたとえ。
逞筆◆５,473,2353,[フカン]の書。,不刊,永久に滅びることなく伝わる書物。不朽の名著。
逞筆◆５,474,2354,[タンセキ]の心。,丹石,真心。
逞筆◆５,475,2355,脚の有る[ヨウシュン]。,陽春,行く先々で恩徳を施す人。
逞筆◆５,476,2356,[ユウザ]の器。,宥坐,座右において戒めとする道具。
逞筆◆５,477,2357,絶えざること[セン]の如し。,綫、線,絶えそうでいて、糸のようにわずかにつながっていること。
逞筆◆５,478,2358,[ヒホウ]の問い。,蜚蓬,風に吹かれて飛ぶヨモギのように、道理に合わない質問。
逞筆◆５,479,2359,[タクリョウ]禁無し。,沢梁,漁業をほしいままにさせること。寛大な政治にいう。
逞筆◆５,480,2360,[ハンヨウ]の好。,潘楊,婚姻を重ねた古くからのよしみ。
逞筆◆５,481,2361,[コツギ]の耀。,滑疑,心に乱れ疑うことが、ついにかがやき明らかになること。
逞筆◆５,482,2362,[ジマン]図り難し。,滋蔓、滋曼,時日を経過するに従い、権勢や悪事などがますます蔓延して制することのできないまでに至ることのたとえ。
逞筆◆５,483,2363,[リュウスイ]滴らんと欲す。,流翠,鮮やかな木々の緑の形容。
逞筆◆５,484,2364,[ユウバク]の遊び。,油幕,雨中に天幕を張って遊ぶこと。貴人の遊楽をいう。
逞筆◆５,485,2365,[チュウバク]無眹万象森然。,沖漠,天地は空漠として、何の兆しも見えないが、万物が生じようとする形象が森然として連なっているのをいう。無中有あり、静中動ある意。※無眹（ムチン）
逞筆◆５,486,2366,水に竜舟を断ち、陸に[サイコウ]を剸る。,犀甲,険の鋭利なこと。※剸る（き-る）
逞筆◆５,487,2367,身は江海の上に在り、心は[ギケツ]の下に居る。,魏闕,世を逃れて田舎に居りながらも、なお都の栄華を忘れない。
逞筆◆５,488,2368,心曠ければ則ち万鍾も[ガフ]の如し。,瓦缶,心を広く持てば、どんなにたくさんの俸禄も、つまらないかわらけぐらいにしか思えない。
逞筆◆５,489,2369,槿花[イッシン]の栄え。,一晨,栄華のはかないことのたとえ。槿花一日の栄。
逞筆◆５,490,2370,[ケイショ]するに遑あらず。,啓処,のんびりしている暇がない。きわめて多忙である。
逞筆◆５,491,2371,[ゾウホウ]を貴ぶ。,蔵鋒,書道の極意は、筆先の鋭さを蔵して現さぬことだ。あたかも泥や沙の中に描くように。
逞筆◆５,492,2372,一竿の竹、[シンキョ]に換えず。,簪裾,仕官を断って、風月を楽しむこと。
逞筆◆５,493,2373,周公恐懼す流言の日、王莽謙恭す未だ[サン]せざるの時。,篡,人の真偽は軽々しく批評することはできない。
逞筆◆５,494,2374,罅漏を[ホショ]し、幽眇を張皇す。,補苴,教えや道の欠けたり漏れたりしているところを補う。聖道の幽遠にして、かつ微妙なものを敷衍し、押し広める。
逞筆◆５,495,2375,罅漏を補苴し、幽眇を[チョウコウ]す。,張皇,教えや道の欠けたり漏れたりしているところを補う。聖道の幽遠にして、かつ微妙なものを敷衍し、押し広める。
逞筆◆５,496,2376,罅漏を補苴し、[ユウビョウ]を張皇す。,幽眇,教えや道の欠けたり漏れたりしているところを補う。聖道の幽遠にして、かつ微妙なものを敷衍し、押し広める。
逞筆◆５,497,2377,奴には白飯を与え、馬には[セイスウ]。,青芻,客に対する待遇の厚いこと。
逞筆◆５,498,2378,筆を投じて[ジュウケン]を事とす。,戎軒,文筆に従事していた者が、改めて武事に従事する。
逞筆◆５,499,2379,鱗を清流に濯い、翼を[テンク]に飛ばす。,天衢,高い位に昇り、名声を振るうのたとえ。
逞筆◆５,500,2380,阮咸は[カンジョウ]の褌を手向く。,竿上,阮咸が七夕の日に世人が豪華で美しい衣装を庭で干すのにならって、ふんどしを竿にかけて世を愚弄したという。
逞筆◆５,501,2381,漸を杜じ、[ボウ]を防ぐ。,萌,すべて事の始めにあたって防ぐ。
逞筆◆５,502,2382,其の阜に[コウジン]して出さば則ち怨靖からん。,考訊,多数の意見を尊重すれば人心の和が保たれること。
逞筆◆５,503,2383,[タンスイ]の深壑に赴くが若し。,湍水,民百姓が仁政のところに赴くことは、あたかも滝つ瀬の水が深い谷に赴くようなもので、防ぎとめようとしても防ぎとめることのできるものではない。
逞筆◆５,504,2384,竜あり[キョウキョウ]たり、頃く其の所を失う。,矯矯,威勢の良い竜でも、ときには居所を失っていることがある。介子推が一時志を得なかったとき、其の従者が主君晋の文公の門前に書きつけて訴えた文の一節。
逞筆◆５,505,2385,悠長の趣は、醲釅に得ずして、[シュク]を啜り水を飲むに得。,菽,悠悠迫らない生活の風雅な趣は、濃厚芳醇な酒、つまり富裕からは得がたく、むしろ豆を食べ、水を飲んで暮らすような寒素の中に求められる。※醲釅（ノウゲン）＝特級の酒。
逞筆◆５,506,2386,名利は飴のごとく甘けれども、一たび死地に想い到れば、便ち味は[シャクロウ]の如し。,嚼蠟,人間にとって、名誉と利益は飴のように甘い。しかし、いつかは死んでいくわが身であることに思い至ると、求めてやまない名利の味も、まるで蠟を嚙むように味気なくなる。
逞筆◆５,507,2387,[ロウビョウ]の器。,廊廟,政務をとることのできる才能。宰相・大臣となるに適する人物。
逞筆◆５,508,2388,[キョキ]を擁す。,虚器,実験の伴わない名ばかりの地位にあり、自分の意志を働かせることができないで、他人から自由に操られ制御されることを言う。
逞筆◆５,509,2389,勝地は常ならず、[セイエン]は再びし難し。,盛筵,勝景の地もいつも景色が良いとは限らず、盛んな宴会は二度と繰り返されるかどうかわからない。
逞筆◆５,510,2390,千村万落[ケイキ]を生ず。,荊杞,戦乱による荒廃のありさま。
